2026-02-03 14:48:07,689 INFO using config /home/runner/.config/twarc/config
2026-02-03 14:48:07,689 INFO creating HTTP session headers for app auth.
2026-02-03 14:48:07,690 INFO getting ('https://api.twitter.com/2/tweets',) {'params': {'expansions': 'author_id,in_reply_to_user_id,referenced_tweets.id,referenced_tweets.id.author_id,entities.mentions.username,attachments.poll_ids,attachments.media_keys,geo.place_id,edit_history_tweet_ids', 'tweet.fields': 'attachments,author_id,context_annotations,conversation_id,created_at,entities,geo,id,in_reply_to_user_id,lang,public_metrics,text,possibly_sensitive,referenced_tweets,reply_settings,source,withheld,edit_controls,edit_history_tweet_ids', 'user.fields': 'created_at,description,entities,id,location,name,pinned_tweet_id,profile_image_url,protected,public_metrics,url,username,verified,verified_type,withheld', 'media.fields': 'alt_text,duration_ms,height,media_key,preview_image_url,type,url,width,variants,public_metrics', 'poll.fields': 'duration_minutes,end_datetime,id,options,voting_status', 'place.fields': 'contained_within,country,country_code,full_name,geo,id,name,place_type', 'ids': '2018426286071296246'}}
2026-02-03 14:48:08,051 INFO using config /home/runner/.config/twarc/config
2026-02-03 14:48:08,051 INFO creating HTTP session headers for app auth.
2026-02-03 15:04:13,608 INFO using config /home/runner/.config/twarc/config
2026-02-03 15:04:13,608 INFO creating HTTP session headers for app auth.
2026-02-03 15:04:13,608 INFO getting ('https://api.twitter.com/2/tweets',) {'params': {'expansions': 'author_id,in_reply_to_user_id,referenced_tweets.id,referenced_tweets.id.author_id,entities.mentions.username,attachments.poll_ids,attachments.media_keys,geo.place_id,edit_history_tweet_ids', 'tweet.fields': 'attachments,author_id,context_annotations,conversation_id,created_at,entities,geo,id,in_reply_to_user_id,lang,public_metrics,text,possibly_sensitive,referenced_tweets,reply_settings,source,withheld,edit_controls,edit_history_tweet_ids', 'user.fields': 'created_at,description,entities,id,location,name,pinned_tweet_id,profile_image_url,protected,public_metrics,url,username,verified,verified_type,withheld', 'media.fields': 'alt_text,duration_ms,height,media_key,preview_image_url,type,url,width,variants,public_metrics', 'poll.fields': 'duration_minutes,end_datetime,id,options,voting_status', 'place.fields': 'contained_within,country,country_code,full_name,geo,id,name,place_type', 'ids': '2018426286071296246'}}
2026-02-03 15:04:14,034 INFO using config /home/runner/.config/twarc/config
2026-02-03 15:04:14,035 INFO creating HTTP session headers for app auth.
2026-02-03 15:20:34,838 INFO using config /home/runner/.config/twarc/config
2026-02-03 15:20:34,838 INFO creating HTTP session headers for app auth.
2026-02-03 15:20:34,839 INFO getting ('https://api.twitter.com/2/tweets',) {'params': {'expansions': 'author_id,in_reply_to_user_id,referenced_tweets.id,referenced_tweets.id.author_id,entities.mentions.username,attachments.poll_ids,attachments.media_keys,geo.place_id,edit_history_tweet_ids', 'tweet.fields': 'attachments,author_id,context_annotations,conversation_id,created_at,entities,geo,id,in_reply_to_user_id,lang,public_metrics,text,possibly_sensitive,referenced_tweets,reply_settings,source,withheld,edit_controls,edit_history_tweet_ids', 'user.fields': 'created_at,description,entities,id,location,name,pinned_tweet_id,profile_image_url,protected,public_metrics,url,username,verified,verified_type,withheld', 'media.fields': 'alt_text,duration_ms,height,media_key,preview_image_url,type,url,width,variants,public_metrics', 'poll.fields': 'duration_minutes,end_datetime,id,options,voting_status', 'place.fields': 'contained_within,country,country_code,full_name,geo,id,name,place_type', 'ids': '2018426286071296246'}}
2026-02-03 15:20:35,251 INFO using config /home/runner/.config/twarc/config
2026-02-03 15:20:35,251 INFO creating HTTP session headers for app auth.
2026-02-03 15:40:13,695 INFO using config /home/runner/.config/twarc/config
2026-02-03 15:40:13,695 INFO creating HTTP session headers for app auth.
2026-02-03 15:40:13,695 INFO getting ('https://api.twitter.com/2/tweets',) {'params': {'expansions': 'author_id,in_reply_to_user_id,referenced_tweets.id,referenced_tweets.id.author_id,entities.mentions.username,attachments.poll_ids,attachments.media_keys,geo.place_id,edit_history_tweet_ids', 'tweet.fields': 'attachments,author_id,context_annotations,conversation_id,created_at,entities,geo,id,in_reply_to_user_id,lang,public_metrics,text,possibly_sensitive,referenced_tweets,reply_settings,source,withheld,edit_controls,edit_history_tweet_ids', 'user.fields': 'created_at,description,entities,id,location,name,pinned_tweet_id,profile_image_url,protected,public_metrics,url,username,verified,verified_type,withheld', 'media.fields': 'alt_text,duration_ms,height,media_key,preview_image_url,type,url,width,variants,public_metrics', 'poll.fields': 'duration_minutes,end_datetime,id,options,voting_status', 'place.fields': 'contained_within,country,country_code,full_name,geo,id,name,place_type', 'ids': '2018104054065287653'}}
2026-02-03 15:40:13,787 ERROR Unexpected HTTP response: <Response [403]>
2026-02-03 15:40:13,990 INFO using config /home/runner/.config/twarc/config
2026-02-03 15:40:13,990 INFO creating HTTP session headers for app auth.
2026-02-03 21:35:40,560 INFO using config /home/runner/.config/twarc/config
2026-02-03 21:35:40,560 INFO creating HTTP session headers for app auth.
2026-02-03 21:35:40,561 INFO getting ('https://api.twitter.com/2/tweets',) {'params': {'expansions': 'author_id,in_reply_to_user_id,referenced_tweets.id,referenced_tweets.id.author_id,entities.mentions.username,attachments.poll_ids,attachments.media_keys,geo.place_id,edit_history_tweet_ids', 'tweet.fields': 'attachments,author_id,context_annotations,conversation_id,created_at,entities,geo,id,in_reply_to_user_id,lang,public_metrics,text,possibly_sensitive,referenced_tweets,reply_settings,source,withheld,edit_controls,edit_history_tweet_ids', 'user.fields': 'created_at,description,entities,id,location,name,pinned_tweet_id,profile_image_url,protected,public_metrics,url,username,verified,verified_type,withheld', 'media.fields': 'alt_text,duration_ms,height,media_key,preview_image_url,type,url,width,variants,public_metrics', 'poll.fields': 'duration_minutes,end_datetime,id,options,voting_status', 'place.fields': 'contained_within,country,country_code,full_name,geo,id,name,place_type', 'ids': '2018104054065287653'}}
2026-02-03 21:35:40,978 INFO using config /home/runner/.config/twarc/config
2026-02-03 21:35:40,978 INFO creating HTTP session headers for app auth.
2026-02-03 21:41:45,315 INFO using config /home/runner/.config/twarc/config
2026-02-03 21:41:45,315 INFO creating HTTP session headers for app auth.
2026-02-03 21:41:45,316 INFO getting ('https://api.twitter.com/2/tweets',) {'params': {'expansions': 'author_id,in_reply_to_user_id,referenced_tweets.id,referenced_tweets.id.author_id,entities.mentions.username,attachments.poll_ids,attachments.media_keys,geo.place_id,edit_history_tweet_ids', 'tweet.fields': 'attachments,author_id,context_annotations,conversation_id,created_at,entities,geo,id,in_reply_to_user_id,lang,public_metrics,text,possibly_sensitive,referenced_tweets,reply_settings,source,withheld,edit_controls,edit_history_tweet_ids', 'user.fields': 'created_at,description,entities,id,location,name,pinned_tweet_id,profile_image_url,protected,public_metrics,url,username,verified,verified_type,withheld', 'media.fields': 'alt_text,duration_ms,height,media_key,preview_image_url,type,url,width,variants,public_metrics', 'poll.fields': 'duration_minutes,end_datetime,id,options,voting_status', 'place.fields': 'contained_within,country,country_code,full_name,geo,id,name,place_type', 'ids': '2018426286071296246'}}
2026-02-03 21:41:45,697 INFO using config /home/runner/.config/twarc/config
2026-02-03 21:41:45,697 INFO creating HTTP session headers for app auth.
2026-02-04 01:41:50,306 INFO using config /home/runner/.config/twarc/config
2026-02-04 01:41:50,306 INFO creating HTTP session headers for app auth.
2026-02-04 01:41:50,306 INFO getting ('https://api.twitter.com/2/tweets',) {'params': {'expansions': 'author_id,in_reply_to_user_id,referenced_tweets.id,referenced_tweets.id.author_id,entities.mentions.username,attachments.poll_ids,attachments.media_keys,geo.place_id,edit_history_tweet_ids', 'tweet.fields': 'attachments,author_id,context_annotations,conversation_id,created_at,entities,geo,id,in_reply_to_user_id,lang,public_metrics,text,possibly_sensitive,referenced_tweets,reply_settings,source,withheld,edit_controls,edit_history_tweet_ids', 'user.fields': 'created_at,description,entities,id,location,name,pinned_tweet_id,profile_image_url,protected,public_metrics,url,username,verified,verified_type,withheld', 'media.fields': 'alt_text,duration_ms,height,media_key,preview_image_url,type,url,width,variants,public_metrics', 'poll.fields': 'duration_minutes,end_datetime,id,options,voting_status', 'place.fields': 'contained_within,country,country_code,full_name,geo,id,name,place_type', 'ids': '2018104054065287653'}}
2026-02-04 01:41:50,675 INFO using config /home/runner/.config/twarc/config
2026-02-04 01:41:50,675 INFO creating HTTP session headers for app auth.
2026-02-04 08:34:37,798 INFO using config /home/runner/.config/twarc/config
2026-02-04 08:34:37,798 INFO creating HTTP session headers for app auth.
2026-02-04 08:34:37,799 INFO getting ('https://api.twitter.com/2/tweets',) {'params': {'expansions': 'author_id,in_reply_to_user_id,referenced_tweets.id,referenced_tweets.id.author_id,entities.mentions.username,attachments.poll_ids,attachments.media_keys,geo.place_id,edit_history_tweet_ids', 'tweet.fields': 'attachments,author_id,context_annotations,conversation_id,created_at,entities,geo,id,in_reply_to_user_id,lang,public_metrics,text,possibly_sensitive,referenced_tweets,reply_settings,source,withheld,edit_controls,edit_history_tweet_ids', 'user.fields': 'created_at,description,entities,id,location,name,pinned_tweet_id,profile_image_url,protected,public_metrics,url,username,verified,verified_type,withheld', 'media.fields': 'alt_text,duration_ms,height,media_key,preview_image_url,type,url,width,variants,public_metrics', 'poll.fields': 'duration_minutes,end_datetime,id,options,voting_status', 'place.fields': 'contained_within,country,country_code,full_name,geo,id,name,place_type', 'ids': '2017670387178631217'}}
2026-02-04 08:34:38,223 INFO using config /home/runner/.config/twarc/config
2026-02-04 08:34:38,223 INFO creating HTTP session headers for app auth.
2026-02-04 16:40:08,986 INFO using config /home/runner/.config/twarc/config
2026-02-04 16:40:08,986 INFO creating HTTP session headers for app auth.
2026-02-04 16:40:08,987 INFO getting ('https://api.twitter.com/2/tweets',) {'params': {'expansions': 'author_id,in_reply_to_user_id,referenced_tweets.id,referenced_tweets.id.author_id,entities.mentions.username,attachments.poll_ids,attachments.media_keys,geo.place_id,edit_history_tweet_ids', 'tweet.fields': 'attachments,author_id,context_annotations,conversation_id,created_at,entities,geo,id,in_reply_to_user_id,lang,public_metrics,text,possibly_sensitive,referenced_tweets,reply_settings,source,withheld,edit_controls,edit_history_tweet_ids', 'user.fields': 'created_at,description,entities,id,location,name,pinned_tweet_id,profile_image_url,protected,public_metrics,url,username,verified,verified_type,withheld', 'media.fields': 'alt_text,duration_ms,height,media_key,preview_image_url,type,url,width,variants,public_metrics', 'poll.fields': 'duration_minutes,end_datetime,id,options,voting_status', 'place.fields': 'contained_within,country,country_code,full_name,geo,id,name,place_type', 'ids': '2016858152537358563'}}
2026-02-04 16:40:09,405 INFO using config /home/runner/.config/twarc/config
2026-02-04 16:40:09,405 INFO creating HTTP session headers for app auth.
2026-02-05 01:43:05,868 INFO using config /home/runner/.config/twarc/config
2026-02-05 01:43:05,869 INFO creating HTTP session headers for app auth.
2026-02-05 01:43:05,869 INFO getting ('https://api.twitter.com/2/tweets',) {'params': {'expansions': 'author_id,in_reply_to_user_id,referenced_tweets.id,referenced_tweets.id.author_id,entities.mentions.username,attachments.poll_ids,attachments.media_keys,geo.place_id,edit_history_tweet_ids', 'tweet.fields': 'attachments,author_id,context_annotations,conversation_id,created_at,entities,geo,id,in_reply_to_user_id,lang,public_metrics,text,possibly_sensitive,referenced_tweets,reply_settings,source,withheld,edit_controls,edit_history_tweet_ids', 'user.fields': 'created_at,description,entities,id,location,name,pinned_tweet_id,profile_image_url,protected,public_metrics,url,username,verified,verified_type,withheld', 'media.fields': 'alt_text,duration_ms,height,media_key,preview_image_url,type,url,width,variants,public_metrics', 'poll.fields': 'duration_minutes,end_datetime,id,options,voting_status', 'place.fields': 'contained_within,country,country_code,full_name,geo,id,name,place_type', 'ids': '2016384678916239408'}}
2026-02-05 01:43:06,386 INFO using config /home/runner/.config/twarc/config
2026-02-05 01:43:06,386 INFO creating HTTP session headers for app auth.
2026-02-05 08:36:41,837 INFO using config /home/runner/.config/twarc/config
2026-02-05 08:36:41,838 INFO creating HTTP session headers for app auth.
2026-02-05 08:36:41,838 INFO getting ('https://api.twitter.com/2/tweets',) {'params': {'expansions': 'author_id,in_reply_to_user_id,referenced_tweets.id,referenced_tweets.id.author_id,entities.mentions.username,attachments.poll_ids,attachments.media_keys,geo.place_id,edit_history_tweet_ids', 'tweet.fields': 'attachments,author_id,context_annotations,conversation_id,created_at,entities,geo,id,in_reply_to_user_id,lang,public_metrics,text,possibly_sensitive,referenced_tweets,reply_settings,source,withheld,edit_controls,edit_history_tweet_ids', 'user.fields': 'created_at,description,entities,id,location,name,pinned_tweet_id,profile_image_url,protected,public_metrics,url,username,verified,verified_type,withheld', 'media.fields': 'alt_text,duration_ms,height,media_key,preview_image_url,type,url,width,variants,public_metrics', 'poll.fields': 'duration_minutes,end_datetime,id,options,voting_status', 'place.fields': 'contained_within,country,country_code,full_name,geo,id,name,place_type', 'ids': '2016218045673550065'}}
2026-02-05 08:36:42,534 INFO using config /home/runner/.config/twarc/config
2026-02-05 08:36:42,534 INFO creating HTTP session headers for app auth.
2026-02-05 16:40:49,123 INFO using config /home/runner/.config/twarc/config
2026-02-05 16:40:49,123 INFO creating HTTP session headers for app auth.
2026-02-05 16:40:49,124 INFO getting ('https://api.twitter.com/2/tweets',) {'params': {'expansions': 'author_id,in_reply_to_user_id,referenced_tweets.id,referenced_tweets.id.author_id,entities.mentions.username,attachments.poll_ids,attachments.media_keys,geo.place_id,edit_history_tweet_ids', 'tweet.fields': 'attachments,author_id,context_annotations,conversation_id,created_at,entities,geo,id,in_reply_to_user_id,lang,public_metrics,text,possibly_sensitive,referenced_tweets,reply_settings,source,withheld,edit_controls,edit_history_tweet_ids', 'user.fields': 'created_at,description,entities,id,location,name,pinned_tweet_id,profile_image_url,protected,public_metrics,url,username,verified,verified_type,withheld', 'media.fields': 'alt_text,duration_ms,height,media_key,preview_image_url,type,url,width,variants,public_metrics', 'poll.fields': 'duration_minutes,end_datetime,id,options,voting_status', 'place.fields': 'contained_within,country,country_code,full_name,geo,id,name,place_type', 'ids': '2016203491371315395'}}
2026-02-05 16:40:49,460 INFO using config /home/runner/.config/twarc/config
2026-02-05 16:40:49,460 INFO creating HTTP session headers for app auth.
2026-02-06 01:42:43,088 INFO using config /home/runner/.config/twarc/config
2026-02-06 01:42:43,088 INFO creating HTTP session headers for app auth.
2026-02-06 01:42:43,088 INFO getting ('https://api.twitter.com/2/tweets',) {'params': {'expansions': 'author_id,in_reply_to_user_id,referenced_tweets.id,referenced_tweets.id.author_id,entities.mentions.username,attachments.poll_ids,attachments.media_keys,geo.place_id,edit_history_tweet_ids', 'tweet.fields': 'attachments,author_id,context_annotations,conversation_id,created_at,entities,geo,id,in_reply_to_user_id,lang,public_metrics,text,possibly_sensitive,referenced_tweets,reply_settings,source,withheld,edit_controls,edit_history_tweet_ids', 'user.fields': 'created_at,description,entities,id,location,name,pinned_tweet_id,profile_image_url,protected,public_metrics,url,username,verified,verified_type,withheld', 'media.fields': 'alt_text,duration_ms,height,media_key,preview_image_url,type,url,width,variants,public_metrics', 'poll.fields': 'duration_minutes,end_datetime,id,options,voting_status', 'place.fields': 'contained_within,country,country_code,full_name,geo,id,name,place_type', 'ids': '2015900180139401688'}}
2026-02-06 01:42:43,441 INFO using config /home/runner/.config/twarc/config
2026-02-06 01:42:43,441 INFO creating HTTP session headers for app auth.
2026-02-06 08:35:47,871 INFO using config /home/runner/.config/twarc/config
2026-02-06 08:35:47,871 INFO creating HTTP session headers for app auth.
2026-02-06 08:35:47,872 INFO getting ('https://api.twitter.com/2/tweets',) {'params': {'expansions': 'author_id,in_reply_to_user_id,referenced_tweets.id,referenced_tweets.id.author_id,entities.mentions.username,attachments.poll_ids,attachments.media_keys,geo.place_id,edit_history_tweet_ids', 'tweet.fields': 'attachments,author_id,context_annotations,conversation_id,created_at,entities,geo,id,in_reply_to_user_id,lang,public_metrics,text,possibly_sensitive,referenced_tweets,reply_settings,source,withheld,edit_controls,edit_history_tweet_ids', 'user.fields': 'created_at,description,entities,id,location,name,pinned_tweet_id,profile_image_url,protected,public_metrics,url,username,verified,verified_type,withheld', 'media.fields': 'alt_text,duration_ms,height,media_key,preview_image_url,type,url,width,variants,public_metrics', 'poll.fields': 'duration_minutes,end_datetime,id,options,voting_status', 'place.fields': 'contained_within,country,country_code,full_name,geo,id,name,place_type', 'ids': '2015662742762594648'}}
2026-02-06 08:35:48,239 INFO using config /home/runner/.config/twarc/config
2026-02-06 08:35:48,239 INFO creating HTTP session headers for app auth.
2026-02-06 16:38:10,976 INFO using config /home/runner/.config/twarc/config
2026-02-06 16:38:10,976 INFO creating HTTP session headers for app auth.
2026-02-06 16:38:10,976 INFO getting ('https://api.twitter.com/2/tweets',) {'params': {'expansions': 'author_id,in_reply_to_user_id,referenced_tweets.id,referenced_tweets.id.author_id,entities.mentions.username,attachments.poll_ids,attachments.media_keys,geo.place_id,edit_history_tweet_ids', 'tweet.fields': 'attachments,author_id,context_annotations,conversation_id,created_at,entities,geo,id,in_reply_to_user_id,lang,public_metrics,text,possibly_sensitive,referenced_tweets,reply_settings,source,withheld,edit_controls,edit_history_tweet_ids', 'user.fields': 'created_at,description,entities,id,location,name,pinned_tweet_id,profile_image_url,protected,public_metrics,url,username,verified,verified_type,withheld', 'media.fields': 'alt_text,duration_ms,height,media_key,preview_image_url,type,url,width,variants,public_metrics', 'poll.fields': 'duration_minutes,end_datetime,id,options,voting_status', 'place.fields': 'contained_within,country,country_code,full_name,geo,id,name,place_type', 'ids': '2014849479070097450'}}
2026-02-06 16:38:11,432 INFO using config /home/runner/.config/twarc/config
2026-02-06 16:38:11,432 INFO creating HTTP session headers for app auth.
2026-02-07 01:40:20,621 INFO using config /home/runner/.config/twarc/config
2026-02-07 01:40:20,621 INFO creating HTTP session headers for app auth.
2026-02-07 01:40:20,621 INFO getting ('https://api.twitter.com/2/tweets',) {'params': {'expansions': 'author_id,in_reply_to_user_id,referenced_tweets.id,referenced_tweets.id.author_id,entities.mentions.username,attachments.poll_ids,attachments.media_keys,geo.place_id,edit_history_tweet_ids', 'tweet.fields': 'attachments,author_id,context_annotations,conversation_id,created_at,entities,geo,id,in_reply_to_user_id,lang,public_metrics,text,possibly_sensitive,referenced_tweets,reply_settings,source,withheld,edit_controls,edit_history_tweet_ids', 'user.fields': 'created_at,description,entities,id,location,name,pinned_tweet_id,profile_image_url,protected,public_metrics,url,username,verified,verified_type,withheld', 'media.fields': 'alt_text,duration_ms,height,media_key,preview_image_url,type,url,width,variants,public_metrics', 'poll.fields': 'duration_minutes,end_datetime,id,options,voting_status', 'place.fields': 'contained_within,country,country_code,full_name,geo,id,name,place_type', 'ids': '2014505303698489711'}}
2026-02-07 01:40:20,996 INFO using config /home/runner/.config/twarc/config
2026-02-07 01:40:20,996 INFO creating HTTP session headers for app auth.
2026-02-07 08:25:24,327 INFO using config /home/runner/.config/twarc/config
2026-02-07 08:25:24,327 INFO creating HTTP session headers for app auth.
2026-02-07 08:25:24,327 INFO getting ('https://api.twitter.com/2/tweets',) {'params': {'expansions': 'author_id,in_reply_to_user_id,referenced_tweets.id,referenced_tweets.id.author_id,entities.mentions.username,attachments.poll_ids,attachments.media_keys,geo.place_id,edit_history_tweet_ids', 'tweet.fields': 'attachments,author_id,context_annotations,conversation_id,created_at,entities,geo,id,in_reply_to_user_id,lang,public_metrics,text,possibly_sensitive,referenced_tweets,reply_settings,source,withheld,edit_controls,edit_history_tweet_ids', 'user.fields': 'created_at,description,entities,id,location,name,pinned_tweet_id,profile_image_url,protected,public_metrics,url,username,verified,verified_type,withheld', 'media.fields': 'alt_text,duration_ms,height,media_key,preview_image_url,type,url,width,variants,public_metrics', 'poll.fields': 'duration_minutes,end_datetime,id,options,voting_status', 'place.fields': 'contained_within,country,country_code,full_name,geo,id,name,place_type', 'ids': '2018719511487086971'}}
2026-02-07 08:25:24,667 INFO using config /home/runner/.config/twarc/config
2026-02-07 08:25:24,667 INFO creating HTTP session headers for app auth.
2026-02-07 16:23:21,842 INFO using config /home/runner/.config/twarc/config
2026-02-07 16:23:21,842 INFO creating HTTP session headers for app auth.
2026-02-07 16:23:21,843 INFO getting ('https://api.twitter.com/2/tweets',) {'params': {'expansions': 'author_id,in_reply_to_user_id,referenced_tweets.id,referenced_tweets.id.author_id,entities.mentions.username,attachments.poll_ids,attachments.media_keys,geo.place_id,edit_history_tweet_ids', 'tweet.fields': 'attachments,author_id,context_annotations,conversation_id,created_at,entities,geo,id,in_reply_to_user_id,lang,public_metrics,text,possibly_sensitive,referenced_tweets,reply_settings,source,withheld,edit_controls,edit_history_tweet_ids', 'user.fields': 'created_at,description,entities,id,location,name,pinned_tweet_id,profile_image_url,protected,public_metrics,url,username,verified,verified_type,withheld', 'media.fields': 'alt_text,duration_ms,height,media_key,preview_image_url,type,url,width,variants,public_metrics', 'poll.fields': 'duration_minutes,end_datetime,id,options,voting_status', 'place.fields': 'contained_within,country,country_code,full_name,geo,id,name,place_type', 'ids': '2018994276567498952'}}
2026-02-07 16:23:22,247 INFO using config /home/runner/.config/twarc/config
2026-02-07 16:23:22,248 INFO creating HTTP session headers for app auth.
2026-02-08 02:06:25,688 INFO using config /home/runner/.config/twarc/config
2026-02-08 02:06:25,689 INFO creating HTTP session headers for app auth.
2026-02-08 02:06:25,689 INFO getting ('https://api.twitter.com/2/tweets',) {'params': {'expansions': 'author_id,in_reply_to_user_id,referenced_tweets.id,referenced_tweets.id.author_id,entities.mentions.username,attachments.poll_ids,attachments.media_keys,geo.place_id,edit_history_tweet_ids', 'tweet.fields': 'attachments,author_id,context_annotations,conversation_id,created_at,entities,geo,id,in_reply_to_user_id,lang,public_metrics,text,possibly_sensitive,referenced_tweets,reply_settings,source,withheld,edit_controls,edit_history_tweet_ids', 'user.fields': 'created_at,description,entities,id,location,name,pinned_tweet_id,profile_image_url,protected,public_metrics,url,username,verified,verified_type,withheld', 'media.fields': 'alt_text,duration_ms,height,media_key,preview_image_url,type,url,width,variants,public_metrics', 'poll.fields': 'duration_minutes,end_datetime,id,options,voting_status', 'place.fields': 'contained_within,country,country_code,full_name,geo,id,name,place_type', 'ids': '2019043703512572033'}}
2026-02-08 02:06:26,070 INFO using config /home/runner/.config/twarc/config
2026-02-08 02:06:26,070 INFO creating HTTP session headers for app auth.
2026-02-08 08:27:02,002 INFO using config /home/runner/.config/twarc/config
2026-02-08 08:27:02,002 INFO creating HTTP session headers for app auth.
2026-02-08 08:27:02,003 INFO getting ('https://api.twitter.com/2/tweets',) {'params': {'expansions': 'author_id,in_reply_to_user_id,referenced_tweets.id,referenced_tweets.id.author_id,entities.mentions.username,attachments.poll_ids,attachments.media_keys,geo.place_id,edit_history_tweet_ids', 'tweet.fields': 'attachments,author_id,context_annotations,conversation_id,created_at,entities,geo,id,in_reply_to_user_id,lang,public_metrics,text,possibly_sensitive,referenced_tweets,reply_settings,source,withheld,edit_controls,edit_history_tweet_ids', 'user.fields': 'created_at,description,entities,id,location,name,pinned_tweet_id,profile_image_url,protected,public_metrics,url,username,verified,verified_type,withheld', 'media.fields': 'alt_text,duration_ms,height,media_key,preview_image_url,type,url,width,variants,public_metrics', 'poll.fields': 'duration_minutes,end_datetime,id,options,voting_status', 'place.fields': 'contained_within,country,country_code,full_name,geo,id,name,place_type', 'ids': '2018914096444518532'}}
2026-02-08 08:27:02,418 INFO using config /home/runner/.config/twarc/config
2026-02-08 08:27:02,418 INFO creating HTTP session headers for app auth.
2026-02-08 16:24:03,689 INFO using config /home/runner/.config/twarc/config
2026-02-08 16:24:03,689 INFO creating HTTP session headers for app auth.
2026-02-08 16:24:03,690 INFO getting ('https://api.twitter.com/2/tweets',) {'params': {'expansions': 'author_id,in_reply_to_user_id,referenced_tweets.id,referenced_tweets.id.author_id,entities.mentions.username,attachments.poll_ids,attachments.media_keys,geo.place_id,edit_history_tweet_ids', 'tweet.fields': 'attachments,author_id,context_annotations,conversation_id,created_at,entities,geo,id,in_reply_to_user_id,lang,public_metrics,text,possibly_sensitive,referenced_tweets,reply_settings,source,withheld,edit_controls,edit_history_tweet_ids', 'user.fields': 'created_at,description,entities,id,location,name,pinned_tweet_id,profile_image_url,protected,public_metrics,url,username,verified,verified_type,withheld', 'media.fields': 'alt_text,duration_ms,height,media_key,preview_image_url,type,url,width,variants,public_metrics', 'poll.fields': 'duration_minutes,end_datetime,id,options,voting_status', 'place.fields': 'contained_within,country,country_code,full_name,geo,id,name,place_type', 'ids': '2019056432067313906'}}
2026-02-08 16:24:04,057 INFO using config /home/runner/.config/twarc/config
2026-02-08 16:24:04,057 INFO creating HTTP session headers for app auth.
2026-02-09 01:50:05,979 INFO using config /home/runner/.config/twarc/config
2026-02-09 01:50:05,979 INFO creating HTTP session headers for app auth.
2026-02-09 01:50:05,979 INFO getting ('https://api.twitter.com/2/tweets',) {'params': {'expansions': 'author_id,in_reply_to_user_id,referenced_tweets.id,referenced_tweets.id.author_id,entities.mentions.username,attachments.poll_ids,attachments.media_keys,geo.place_id,edit_history_tweet_ids', 'tweet.fields': 'attachments,author_id,context_annotations,conversation_id,created_at,entities,geo,id,in_reply_to_user_id,lang,public_metrics,text,possibly_sensitive,referenced_tweets,reply_settings,source,withheld,edit_controls,edit_history_tweet_ids', 'user.fields': 'created_at,description,entities,id,location,name,pinned_tweet_id,profile_image_url,protected,public_metrics,url,username,verified,verified_type,withheld', 'media.fields': 'alt_text,duration_ms,height,media_key,preview_image_url,type,url,width,variants,public_metrics', 'poll.fields': 'duration_minutes,end_datetime,id,options,voting_status', 'place.fields': 'contained_within,country,country_code,full_name,geo,id,name,place_type', 'ids': '2019078989348774129'}}
2026-02-09 01:50:06,329 INFO using config /home/runner/.config/twarc/config
2026-02-09 01:50:06,330 INFO creating HTTP session headers for app auth.
2026-02-09 08:43:29,369 INFO using config /home/runner/.config/twarc/config
2026-02-09 08:43:29,369 INFO creating HTTP session headers for app auth.
2026-02-09 08:43:29,370 INFO getting ('https://api.twitter.com/2/tweets',) {'params': {'expansions': 'author_id,in_reply_to_user_id,referenced_tweets.id,referenced_tweets.id.author_id,entities.mentions.username,attachments.poll_ids,attachments.media_keys,geo.place_id,edit_history_tweet_ids', 'tweet.fields': 'attachments,author_id,context_annotations,conversation_id,created_at,entities,geo,id,in_reply_to_user_id,lang,public_metrics,text,possibly_sensitive,referenced_tweets,reply_settings,source,withheld,edit_controls,edit_history_tweet_ids', 'user.fields': 'created_at,description,entities,id,location,name,pinned_tweet_id,profile_image_url,protected,public_metrics,url,username,verified,verified_type,withheld', 'media.fields': 'alt_text,duration_ms,height,media_key,preview_image_url,type,url,width,variants,public_metrics', 'poll.fields': 'duration_minutes,end_datetime,id,options,voting_status', 'place.fields': 'contained_within,country,country_code,full_name,geo,id,name,place_type', 'ids': '2019098357239803958'}}
2026-02-09 08:43:29,725 INFO using config /home/runner/.config/twarc/config
2026-02-09 08:43:29,725 INFO creating HTTP session headers for app auth.
2026-02-10 02:00:22,079 INFO using config /home/runner/.config/twarc/config
2026-02-10 02:00:22,079 INFO creating HTTP session headers for app auth.
2026-02-10 02:00:22,079 INFO getting ('https://api.twitter.com/2/tweets',) {'params': {'expansions': 'author_id,in_reply_to_user_id,referenced_tweets.id,referenced_tweets.id.author_id,entities.mentions.username,attachments.poll_ids,attachments.media_keys,geo.place_id,edit_history_tweet_ids', 'tweet.fields': 'attachments,author_id,context_annotations,conversation_id,created_at,entities,geo,id,in_reply_to_user_id,lang,public_metrics,text,possibly_sensitive,referenced_tweets,reply_settings,source,withheld,edit_controls,edit_history_tweet_ids', 'user.fields': 'created_at,description,entities,id,location,name,pinned_tweet_id,profile_image_url,protected,public_metrics,url,username,verified,verified_type,withheld', 'media.fields': 'alt_text,duration_ms,height,media_key,preview_image_url,type,url,width,variants,public_metrics', 'poll.fields': 'duration_minutes,end_datetime,id,options,voting_status', 'place.fields': 'contained_within,country,country_code,full_name,geo,id,name,place_type', 'ids': '2019169900317798857'}}
2026-02-10 02:00:22,594 INFO using config /home/runner/.config/twarc/config
2026-02-10 02:00:22,594 INFO creating HTTP session headers for app auth.
2026-02-10 08:44:07,168 INFO using config /home/runner/.config/twarc/config
2026-02-10 08:44:07,168 INFO creating HTTP session headers for app auth.
2026-02-10 08:44:07,168 INFO getting ('https://api.twitter.com/2/tweets',) {'params': {'expansions': 'author_id,in_reply_to_user_id,referenced_tweets.id,referenced_tweets.id.author_id,entities.mentions.username,attachments.poll_ids,attachments.media_keys,geo.place_id,edit_history_tweet_ids', 'tweet.fields': 'attachments,author_id,context_annotations,conversation_id,created_at,entities,geo,id,in_reply_to_user_id,lang,public_metrics,text,possibly_sensitive,referenced_tweets,reply_settings,source,withheld,edit_controls,edit_history_tweet_ids', 'user.fields': 'created_at,description,entities,id,location,name,pinned_tweet_id,profile_image_url,protected,public_metrics,url,username,verified,verified_type,withheld', 'media.fields': 'alt_text,duration_ms,height,media_key,preview_image_url,type,url,width,variants,public_metrics', 'poll.fields': 'duration_minutes,end_datetime,id,options,voting_status', 'place.fields': 'contained_within,country,country_code,full_name,geo,id,name,place_type', 'ids': '2019232015288095080'}}
2026-02-10 08:44:07,557 INFO using config /home/runner/.config/twarc/config
2026-02-10 08:44:07,557 INFO creating HTTP session headers for app auth.
2026-02-10 17:08:10,411 INFO using config /home/runner/.config/twarc/config
2026-02-10 17:08:10,411 INFO creating HTTP session headers for app auth.
2026-02-10 17:08:10,412 INFO getting ('https://api.twitter.com/2/tweets',) {'params': {'expansions': 'author_id,in_reply_to_user_id,referenced_tweets.id,referenced_tweets.id.author_id,entities.mentions.username,attachments.poll_ids,attachments.media_keys,geo.place_id,edit_history_tweet_ids', 'tweet.fields': 'attachments,author_id,context_annotations,conversation_id,created_at,entities,geo,id,in_reply_to_user_id,lang,public_metrics,text,possibly_sensitive,referenced_tweets,reply_settings,source,withheld,edit_controls,edit_history_tweet_ids', 'user.fields': 'created_at,description,entities,id,location,name,pinned_tweet_id,profile_image_url,protected,public_metrics,url,username,verified,verified_type,withheld', 'media.fields': 'alt_text,duration_ms,height,media_key,preview_image_url,type,url,width,variants,public_metrics', 'poll.fields': 'duration_minutes,end_datetime,id,options,voting_status', 'place.fields': 'contained_within,country,country_code,full_name,geo,id,name,place_type', 'ids': '2019440309340438780'}}
2026-02-10 17:08:10,815 INFO using config /home/runner/.config/twarc/config
2026-02-10 17:08:10,815 INFO creating HTTP session headers for app auth.
2026-02-11 01:56:19,311 INFO using config /home/runner/.config/twarc/config
2026-02-11 01:56:19,311 INFO creating HTTP session headers for app auth.
2026-02-11 01:56:19,312 INFO getting ('https://api.twitter.com/2/tweets',) {'params': {'expansions': 'author_id,in_reply_to_user_id,referenced_tweets.id,referenced_tweets.id.author_id,entities.mentions.username,attachments.poll_ids,attachments.media_keys,geo.place_id,edit_history_tweet_ids', 'tweet.fields': 'attachments,author_id,context_annotations,conversation_id,created_at,entities,geo,id,in_reply_to_user_id,lang,public_metrics,text,possibly_sensitive,referenced_tweets,reply_settings,source,withheld,edit_controls,edit_history_tweet_ids', 'user.fields': 'created_at,description,entities,id,location,name,pinned_tweet_id,profile_image_url,protected,public_metrics,url,username,verified,verified_type,withheld', 'media.fields': 'alt_text,duration_ms,height,media_key,preview_image_url,type,url,width,variants,public_metrics', 'poll.fields': 'duration_minutes,end_datetime,id,options,voting_status', 'place.fields': 'contained_within,country,country_code,full_name,geo,id,name,place_type', 'ids': '2019488071134347605'}}
2026-02-11 01:56:19,670 INFO using config /home/runner/.config/twarc/config
2026-02-11 01:56:19,670 INFO creating HTTP session headers for app auth.
2026-02-11 08:41:40,323 INFO using config /home/runner/.config/twarc/config
2026-02-11 08:41:40,323 INFO creating HTTP session headers for app auth.
2026-02-11 08:41:40,323 INFO getting ('https://api.twitter.com/2/tweets',) {'params': {'expansions': 'author_id,in_reply_to_user_id,referenced_tweets.id,referenced_tweets.id.author_id,entities.mentions.username,attachments.poll_ids,attachments.media_keys,geo.place_id,edit_history_tweet_ids', 'tweet.fields': 'attachments,author_id,context_annotations,conversation_id,created_at,entities,geo,id,in_reply_to_user_id,lang,public_metrics,text,possibly_sensitive,referenced_tweets,reply_settings,source,withheld,edit_controls,edit_history_tweet_ids', 'user.fields': 'created_at,description,entities,id,location,name,pinned_tweet_id,profile_image_url,protected,public_metrics,url,username,verified,verified_type,withheld', 'media.fields': 'alt_text,duration_ms,height,media_key,preview_image_url,type,url,width,variants,public_metrics', 'poll.fields': 'duration_minutes,end_datetime,id,options,voting_status', 'place.fields': 'contained_within,country,country_code,full_name,geo,id,name,place_type', 'ids': '2019490735209283986'}}
2026-02-11 08:41:40,758 INFO using config /home/runner/.config/twarc/config
2026-02-11 08:41:40,758 INFO creating HTTP session headers for app auth.
2026-02-11 17:00:21,003 INFO using config /home/runner/.config/twarc/config
2026-02-11 17:00:21,003 INFO creating HTTP session headers for app auth.
2026-02-11 17:00:21,003 INFO getting ('https://api.twitter.com/2/tweets',) {'params': {'expansions': 'author_id,in_reply_to_user_id,referenced_tweets.id,referenced_tweets.id.author_id,entities.mentions.username,attachments.poll_ids,attachments.media_keys,geo.place_id,edit_history_tweet_ids', 'tweet.fields': 'attachments,author_id,context_annotations,conversation_id,created_at,entities,geo,id,in_reply_to_user_id,lang,public_metrics,text,possibly_sensitive,referenced_tweets,reply_settings,source,withheld,edit_controls,edit_history_tweet_ids', 'user.fields': 'created_at,description,entities,id,location,name,pinned_tweet_id,profile_image_url,protected,public_metrics,url,username,verified,verified_type,withheld', 'media.fields': 'alt_text,duration_ms,height,media_key,preview_image_url,type,url,width,variants,public_metrics', 'poll.fields': 'duration_minutes,end_datetime,id,options,voting_status', 'place.fields': 'contained_within,country,country_code,full_name,geo,id,name,place_type', 'ids': '2019527862001496505'}}
2026-02-11 17:00:21,423 INFO using config /home/runner/.config/twarc/config
2026-02-11 17:00:21,423 INFO creating HTTP session headers for app auth.
2026-02-12 08:40:16,863 INFO using config /home/runner/.config/twarc/config
2026-02-12 08:40:16,863 INFO creating HTTP session headers for app auth.
2026-02-12 08:40:16,864 INFO getting ('https://api.twitter.com/2/tweets',) {'params': {'expansions': 'author_id,in_reply_to_user_id,referenced_tweets.id,referenced_tweets.id.author_id,entities.mentions.username,attachments.poll_ids,attachments.media_keys,geo.place_id,edit_history_tweet_ids', 'tweet.fields': 'attachments,author_id,context_annotations,conversation_id,created_at,entities,geo,id,in_reply_to_user_id,lang,public_metrics,text,possibly_sensitive,referenced_tweets,reply_settings,source,withheld,edit_controls,edit_history_tweet_ids', 'user.fields': 'created_at,description,entities,id,location,name,pinned_tweet_id,profile_image_url,protected,public_metrics,url,username,verified,verified_type,withheld', 'media.fields': 'alt_text,duration_ms,height,media_key,preview_image_url,type,url,width,variants,public_metrics', 'poll.fields': 'duration_minutes,end_datetime,id,options,voting_status', 'place.fields': 'contained_within,country,country_code,full_name,geo,id,name,place_type', 'ids': '2019595983395647509'}}
2026-02-12 08:40:17,243 INFO using config /home/runner/.config/twarc/config
2026-02-12 08:40:17,244 INFO creating HTTP session headers for app auth.
2026-02-12 16:52:59,890 INFO using config /home/runner/.config/twarc/config
2026-02-12 16:52:59,890 INFO creating HTTP session headers for app auth.
2026-02-12 16:52:59,891 INFO getting ('https://api.twitter.com/2/tweets',) {'params': {'expansions': 'author_id,in_reply_to_user_id,referenced_tweets.id,referenced_tweets.id.author_id,entities.mentions.username,attachments.poll_ids,attachments.media_keys,geo.place_id,edit_history_tweet_ids', 'tweet.fields': 'attachments,author_id,context_annotations,conversation_id,created_at,entities,geo,id,in_reply_to_user_id,lang,public_metrics,text,possibly_sensitive,referenced_tweets,reply_settings,source,withheld,edit_controls,edit_history_tweet_ids', 'user.fields': 'created_at,description,entities,id,location,name,pinned_tweet_id,profile_image_url,protected,public_metrics,url,username,verified,verified_type,withheld', 'media.fields': 'alt_text,duration_ms,height,media_key,preview_image_url,type,url,width,variants,public_metrics', 'poll.fields': 'duration_minutes,end_datetime,id,options,voting_status', 'place.fields': 'contained_within,country,country_code,full_name,geo,id,name,place_type', 'ids': '2019571750862819811'}}
2026-02-12 16:53:00,346 INFO using config /home/runner/.config/twarc/config
2026-02-12 16:53:00,346 INFO creating HTTP session headers for app auth.
2026-02-13 01:51:47,564 INFO using config /home/runner/.config/twarc/config
2026-02-13 01:51:47,564 INFO creating HTTP session headers for app auth.
2026-02-13 01:51:47,564 INFO getting ('https://api.twitter.com/2/tweets',) {'params': {'expansions': 'author_id,in_reply_to_user_id,referenced_tweets.id,referenced_tweets.id.author_id,entities.mentions.username,attachments.poll_ids,attachments.media_keys,geo.place_id,edit_history_tweet_ids', 'tweet.fields': 'attachments,author_id,context_annotations,conversation_id,created_at,entities,geo,id,in_reply_to_user_id,lang,public_metrics,text,possibly_sensitive,referenced_tweets,reply_settings,source,withheld,edit_controls,edit_history_tweet_ids', 'user.fields': 'created_at,description,entities,id,location,name,pinned_tweet_id,profile_image_url,protected,public_metrics,url,username,verified,verified_type,withheld', 'media.fields': 'alt_text,duration_ms,height,media_key,preview_image_url,type,url,width,variants,public_metrics', 'poll.fields': 'duration_minutes,end_datetime,id,options,voting_status', 'place.fields': 'contained_within,country,country_code,full_name,geo,id,name,place_type', 'ids': '2019611142684045351'}}
2026-02-13 01:51:47,913 INFO using config /home/runner/.config/twarc/config
2026-02-13 01:51:47,914 INFO creating HTTP session headers for app auth.
2026-02-13 08:37:08,216 INFO using config /home/runner/.config/twarc/config
2026-02-13 08:37:08,216 INFO creating HTTP session headers for app auth.
2026-02-13 08:37:08,217 INFO getting ('https://api.twitter.com/2/tweets',) {'params': {'expansions': 'author_id,in_reply_to_user_id,referenced_tweets.id,referenced_tweets.id.author_id,entities.mentions.username,attachments.poll_ids,attachments.media_keys,geo.place_id,edit_history_tweet_ids', 'tweet.fields': 'attachments,author_id,context_annotations,conversation_id,created_at,entities,geo,id,in_reply_to_user_id,lang,public_metrics,text,possibly_sensitive,referenced_tweets,reply_settings,source,withheld,edit_controls,edit_history_tweet_ids', 'user.fields': 'created_at,description,entities,id,location,name,pinned_tweet_id,profile_image_url,protected,public_metrics,url,username,verified,verified_type,withheld', 'media.fields': 'alt_text,duration_ms,height,media_key,preview_image_url,type,url,width,variants,public_metrics', 'poll.fields': 'duration_minutes,end_datetime,id,options,voting_status', 'place.fields': 'contained_within,country,country_code,full_name,geo,id,name,place_type', 'ids': '2019610121371054455'}}
2026-02-13 08:37:08,595 INFO using config /home/runner/.config/twarc/config
2026-02-13 08:37:08,596 INFO creating HTTP session headers for app auth.
2026-02-13 16:39:05,142 INFO using config /home/runner/.config/twarc/config
2026-02-13 16:39:05,142 INFO creating HTTP session headers for app auth.
2026-02-13 16:39:05,142 INFO getting ('https://api.twitter.com/2/tweets',) {'params': {'expansions': 'author_id,in_reply_to_user_id,referenced_tweets.id,referenced_tweets.id.author_id,entities.mentions.username,attachments.poll_ids,attachments.media_keys,geo.place_id,edit_history_tweet_ids', 'tweet.fields': 'attachments,author_id,context_annotations,conversation_id,created_at,entities,geo,id,in_reply_to_user_id,lang,public_metrics,text,possibly_sensitive,referenced_tweets,reply_settings,source,withheld,edit_controls,edit_history_tweet_ids', 'user.fields': 'created_at,description,entities,id,location,name,pinned_tweet_id,profile_image_url,protected,public_metrics,url,username,verified,verified_type,withheld', 'media.fields': 'alt_text,duration_ms,height,media_key,preview_image_url,type,url,width,variants,public_metrics', 'poll.fields': 'duration_minutes,end_datetime,id,options,voting_status', 'place.fields': 'contained_within,country,country_code,full_name,geo,id,name,place_type', 'ids': '2019788393945682032'}}
2026-02-13 16:39:05,566 INFO using config /home/runner/.config/twarc/config
2026-02-13 16:39:05,566 INFO creating HTTP session headers for app auth.
2026-02-14 01:42:13,584 INFO using config /home/runner/.config/twarc/config
2026-02-14 01:42:13,585 INFO creating HTTP session headers for app auth.
2026-02-14 01:42:13,585 INFO getting ('https://api.twitter.com/2/tweets',) {'params': {'expansions': 'author_id,in_reply_to_user_id,referenced_tweets.id,referenced_tweets.id.author_id,entities.mentions.username,attachments.poll_ids,attachments.media_keys,geo.place_id,edit_history_tweet_ids', 'tweet.fields': 'attachments,author_id,context_annotations,conversation_id,created_at,entities,geo,id,in_reply_to_user_id,lang,public_metrics,text,possibly_sensitive,referenced_tweets,reply_settings,source,withheld,edit_controls,edit_history_tweet_ids', 'user.fields': 'created_at,description,entities,id,location,name,pinned_tweet_id,profile_image_url,protected,public_metrics,url,username,verified,verified_type,withheld', 'media.fields': 'alt_text,duration_ms,height,media_key,preview_image_url,type,url,width,variants,public_metrics', 'poll.fields': 'duration_minutes,end_datetime,id,options,voting_status', 'place.fields': 'contained_within,country,country_code,full_name,geo,id,name,place_type', 'ids': '2019595177015538110'}}
2026-02-14 01:42:14,020 INFO using config /home/runner/.config/twarc/config
2026-02-14 01:42:14,020 INFO creating HTTP session headers for app auth.
2026-02-14 08:25:54,112 INFO using config /home/runner/.config/twarc/config
2026-02-14 08:25:54,112 INFO creating HTTP session headers for app auth.
2026-02-14 08:25:54,113 INFO getting ('https://api.twitter.com/2/tweets',) {'params': {'expansions': 'author_id,in_reply_to_user_id,referenced_tweets.id,referenced_tweets.id.author_id,entities.mentions.username,attachments.poll_ids,attachments.media_keys,geo.place_id,edit_history_tweet_ids', 'tweet.fields': 'attachments,author_id,context_annotations,conversation_id,created_at,entities,geo,id,in_reply_to_user_id,lang,public_metrics,text,possibly_sensitive,referenced_tweets,reply_settings,source,withheld,edit_controls,edit_history_tweet_ids', 'user.fields': 'created_at,description,entities,id,location,name,pinned_tweet_id,profile_image_url,protected,public_metrics,url,username,verified,verified_type,withheld', 'media.fields': 'alt_text,duration_ms,height,media_key,preview_image_url,type,url,width,variants,public_metrics', 'poll.fields': 'duration_minutes,end_datetime,id,options,voting_status', 'place.fields': 'contained_within,country,country_code,full_name,geo,id,name,place_type', 'ids': '2019911824938819742'}}
2026-02-14 08:25:54,476 INFO using config /home/runner/.config/twarc/config
2026-02-14 08:25:54,477 INFO creating HTTP session headers for app auth.
2026-02-14 16:22:32,729 INFO using config /home/runner/.config/twarc/config
2026-02-14 16:22:32,729 INFO creating HTTP session headers for app auth.
2026-02-14 16:22:32,730 INFO getting ('https://api.twitter.com/2/tweets',) {'params': {'expansions': 'author_id,in_reply_to_user_id,referenced_tweets.id,referenced_tweets.id.author_id,entities.mentions.username,attachments.poll_ids,attachments.media_keys,geo.place_id,edit_history_tweet_ids', 'tweet.fields': 'attachments,author_id,context_annotations,conversation_id,created_at,entities,geo,id,in_reply_to_user_id,lang,public_metrics,text,possibly_sensitive,referenced_tweets,reply_settings,source,withheld,edit_controls,edit_history_tweet_ids', 'user.fields': 'created_at,description,entities,id,location,name,pinned_tweet_id,profile_image_url,protected,public_metrics,url,username,verified,verified_type,withheld', 'media.fields': 'alt_text,duration_ms,height,media_key,preview_image_url,type,url,width,variants,public_metrics', 'poll.fields': 'duration_minutes,end_datetime,id,options,voting_status', 'place.fields': 'contained_within,country,country_code,full_name,geo,id,name,place_type', 'ids': '2019909184951615983'}}
2026-02-14 16:22:33,120 INFO using config /home/runner/.config/twarc/config
2026-02-14 16:22:33,120 INFO creating HTTP session headers for app auth.
2026-02-15 01:51:41,468 INFO using config /home/runner/.config/twarc/config
2026-02-15 01:51:41,468 INFO creating HTTP session headers for app auth.
2026-02-15 01:51:41,469 INFO getting ('https://api.twitter.com/2/tweets',) {'params': {'expansions': 'author_id,in_reply_to_user_id,referenced_tweets.id,referenced_tweets.id.author_id,entities.mentions.username,attachments.poll_ids,attachments.media_keys,geo.place_id,edit_history_tweet_ids', 'tweet.fields': 'attachments,author_id,context_annotations,conversation_id,created_at,entities,geo,id,in_reply_to_user_id,lang,public_metrics,text,possibly_sensitive,referenced_tweets,reply_settings,source,withheld,edit_controls,edit_history_tweet_ids', 'user.fields': 'created_at,description,entities,id,location,name,pinned_tweet_id,profile_image_url,protected,public_metrics,url,username,verified,verified_type,withheld', 'media.fields': 'alt_text,duration_ms,height,media_key,preview_image_url,type,url,width,variants,public_metrics', 'poll.fields': 'duration_minutes,end_datetime,id,options,voting_status', 'place.fields': 'contained_within,country,country_code,full_name,geo,id,name,place_type', 'ids': '2020256461105025450'}}
2026-02-15 01:51:41,942 INFO using config /home/runner/.config/twarc/config
2026-02-15 01:51:41,942 INFO creating HTTP session headers for app auth.
2026-02-15 08:27:37,538 INFO using config /home/runner/.config/twarc/config
2026-02-15 08:27:37,539 INFO creating HTTP session headers for app auth.
2026-02-15 08:27:37,539 INFO getting ('https://api.twitter.com/2/tweets',) {'params': {'expansions': 'author_id,in_reply_to_user_id,referenced_tweets.id,referenced_tweets.id.author_id,entities.mentions.username,attachments.poll_ids,attachments.media_keys,geo.place_id,edit_history_tweet_ids', 'tweet.fields': 'attachments,author_id,context_annotations,conversation_id,created_at,entities,geo,id,in_reply_to_user_id,lang,public_metrics,text,possibly_sensitive,referenced_tweets,reply_settings,source,withheld,edit_controls,edit_history_tweet_ids', 'user.fields': 'created_at,description,entities,id,location,name,pinned_tweet_id,profile_image_url,protected,public_metrics,url,username,verified,verified_type,withheld', 'media.fields': 'alt_text,duration_ms,height,media_key,preview_image_url,type,url,width,variants,public_metrics', 'poll.fields': 'duration_minutes,end_datetime,id,options,voting_status', 'place.fields': 'contained_within,country,country_code,full_name,geo,id,name,place_type', 'ids': '2020215784434462930'}}
2026-02-15 08:27:37,903 INFO using config /home/runner/.config/twarc/config
2026-02-15 08:27:37,904 INFO creating HTTP session headers for app auth.
2026-02-15 16:23:09,797 INFO using config /home/runner/.config/twarc/config
2026-02-15 16:23:09,797 INFO creating HTTP session headers for app auth.
2026-02-15 16:23:09,798 INFO getting ('https://api.twitter.com/2/tweets',) {'params': {'expansions': 'author_id,in_reply_to_user_id,referenced_tweets.id,referenced_tweets.id.author_id,entities.mentions.username,attachments.poll_ids,attachments.media_keys,geo.place_id,edit_history_tweet_ids', 'tweet.fields': 'attachments,author_id,context_annotations,conversation_id,created_at,entities,geo,id,in_reply_to_user_id,lang,public_metrics,text,possibly_sensitive,referenced_tweets,reply_settings,source,withheld,edit_controls,edit_history_tweet_ids', 'user.fields': 'created_at,description,entities,id,location,name,pinned_tweet_id,profile_image_url,protected,public_metrics,url,username,verified,verified_type,withheld', 'media.fields': 'alt_text,duration_ms,height,media_key,preview_image_url,type,url,width,variants,public_metrics', 'poll.fields': 'duration_minutes,end_datetime,id,options,voting_status', 'place.fields': 'contained_within,country,country_code,full_name,geo,id,name,place_type', 'ids': '2020671009280467286'}}
2026-02-15 16:23:10,166 INFO using config /home/runner/.config/twarc/config
2026-02-15 16:23:10,166 INFO creating HTTP session headers for app auth.
2026-02-16 01:47:43,408 INFO using config /home/runner/.config/twarc/config
2026-02-16 01:47:43,408 INFO creating HTTP session headers for app auth.
2026-02-16 01:47:43,408 INFO getting ('https://api.twitter.com/2/tweets',) {'params': {'expansions': 'author_id,in_reply_to_user_id,referenced_tweets.id,referenced_tweets.id.author_id,entities.mentions.username,attachments.poll_ids,attachments.media_keys,geo.place_id,edit_history_tweet_ids', 'tweet.fields': 'attachments,author_id,context_annotations,conversation_id,created_at,entities,geo,id,in_reply_to_user_id,lang,public_metrics,text,possibly_sensitive,referenced_tweets,reply_settings,source,withheld,edit_controls,edit_history_tweet_ids', 'user.fields': 'created_at,description,entities,id,location,name,pinned_tweet_id,profile_image_url,protected,public_metrics,url,username,verified,verified_type,withheld', 'media.fields': 'alt_text,duration_ms,height,media_key,preview_image_url,type,url,width,variants,public_metrics', 'poll.fields': 'duration_minutes,end_datetime,id,options,voting_status', 'place.fields': 'contained_within,country,country_code,full_name,geo,id,name,place_type', 'ids': '2020694149897580975'}}
2026-02-16 01:47:43,803 INFO using config /home/runner/.config/twarc/config
2026-02-16 01:47:43,804 INFO creating HTTP session headers for app auth.
2026-02-16 08:40:42,040 INFO using config /home/runner/.config/twarc/config
2026-02-16 08:40:42,040 INFO creating HTTP session headers for app auth.
2026-02-16 08:40:42,041 INFO getting ('https://api.twitter.com/2/tweets',) {'params': {'expansions': 'author_id,in_reply_to_user_id,referenced_tweets.id,referenced_tweets.id.author_id,entities.mentions.username,attachments.poll_ids,attachments.media_keys,geo.place_id,edit_history_tweet_ids', 'tweet.fields': 'attachments,author_id,context_annotations,conversation_id,created_at,entities,geo,id,in_reply_to_user_id,lang,public_metrics,text,possibly_sensitive,referenced_tweets,reply_settings,source,withheld,edit_controls,edit_history_tweet_ids', 'user.fields': 'created_at,description,entities,id,location,name,pinned_tweet_id,profile_image_url,protected,public_metrics,url,username,verified,verified_type,withheld', 'media.fields': 'alt_text,duration_ms,height,media_key,preview_image_url,type,url,width,variants,public_metrics', 'poll.fields': 'duration_minutes,end_datetime,id,options,voting_status', 'place.fields': 'contained_within,country,country_code,full_name,geo,id,name,place_type', 'ids': '2020569962914500993'}}
2026-02-16 08:40:42,441 INFO using config /home/runner/.config/twarc/config
2026-02-16 08:40:42,441 INFO creating HTTP session headers for app auth.
2026-02-16 16:36:59,025 INFO using config /home/runner/.config/twarc/config
2026-02-16 16:36:59,025 INFO creating HTTP session headers for app auth.
2026-02-16 16:36:59,026 INFO getting ('https://api.twitter.com/2/tweets',) {'params': {'expansions': 'author_id,in_reply_to_user_id,referenced_tweets.id,referenced_tweets.id.author_id,entities.mentions.username,attachments.poll_ids,attachments.media_keys,geo.place_id,edit_history_tweet_ids', 'tweet.fields': 'attachments,author_id,context_annotations,conversation_id,created_at,entities,geo,id,in_reply_to_user_id,lang,public_metrics,text,possibly_sensitive,referenced_tweets,reply_settings,source,withheld,edit_controls,edit_history_tweet_ids', 'user.fields': 'created_at,description,entities,id,location,name,pinned_tweet_id,profile_image_url,protected,public_metrics,url,username,verified,verified_type,withheld', 'media.fields': 'alt_text,duration_ms,height,media_key,preview_image_url,type,url,width,variants,public_metrics', 'poll.fields': 'duration_minutes,end_datetime,id,options,voting_status', 'place.fields': 'contained_within,country,country_code,full_name,geo,id,name,place_type', 'ids': '2020890527827173502'}}
2026-02-16 16:36:59,418 INFO using config /home/runner/.config/twarc/config
2026-02-16 16:36:59,418 INFO creating HTTP session headers for app auth.
2026-02-17 01:45:38,043 INFO using config /home/runner/.config/twarc/config
2026-02-17 01:45:38,044 INFO creating HTTP session headers for app auth.
2026-02-17 01:45:38,044 INFO getting ('https://api.twitter.com/2/tweets',) {'params': {'expansions': 'author_id,in_reply_to_user_id,referenced_tweets.id,referenced_tweets.id.author_id,entities.mentions.username,attachments.poll_ids,attachments.media_keys,geo.place_id,edit_history_tweet_ids', 'tweet.fields': 'attachments,author_id,context_annotations,conversation_id,created_at,entities,geo,id,in_reply_to_user_id,lang,public_metrics,text,possibly_sensitive,referenced_tweets,reply_settings,source,withheld,edit_controls,edit_history_tweet_ids', 'user.fields': 'created_at,description,entities,id,location,name,pinned_tweet_id,profile_image_url,protected,public_metrics,url,username,verified,verified_type,withheld', 'media.fields': 'alt_text,duration_ms,height,media_key,preview_image_url,type,url,width,variants,public_metrics', 'poll.fields': 'duration_minutes,end_datetime,id,options,voting_status', 'place.fields': 'contained_within,country,country_code,full_name,geo,id,name,place_type', 'ids': '2020912566055166172'}}
2026-02-17 01:45:38,384 INFO using config /home/runner/.config/twarc/config
2026-02-17 01:45:38,384 INFO creating HTTP session headers for app auth.
2026-02-17 08:38:34,555 INFO using config /home/runner/.config/twarc/config
2026-02-17 08:38:34,555 INFO creating HTTP session headers for app auth.
2026-02-17 08:38:34,556 INFO getting ('https://api.twitter.com/2/tweets',) {'params': {'expansions': 'author_id,in_reply_to_user_id,referenced_tweets.id,referenced_tweets.id.author_id,entities.mentions.username,attachments.poll_ids,attachments.media_keys,geo.place_id,edit_history_tweet_ids', 'tweet.fields': 'attachments,author_id,context_annotations,conversation_id,created_at,entities,geo,id,in_reply_to_user_id,lang,public_metrics,text,possibly_sensitive,referenced_tweets,reply_settings,source,withheld,edit_controls,edit_history_tweet_ids', 'user.fields': 'created_at,description,entities,id,location,name,pinned_tweet_id,profile_image_url,protected,public_metrics,url,username,verified,verified_type,withheld', 'media.fields': 'alt_text,duration_ms,height,media_key,preview_image_url,type,url,width,variants,public_metrics', 'poll.fields': 'duration_minutes,end_datetime,id,options,voting_status', 'place.fields': 'contained_within,country,country_code,full_name,geo,id,name,place_type', 'ids': '2020873922162672089'}}
2026-02-17 08:38:34,900 INFO using config /home/runner/.config/twarc/config
2026-02-17 08:38:34,900 INFO creating HTTP session headers for app auth.
2026-02-17 16:52:07,706 INFO using config /home/runner/.config/twarc/config
2026-02-17 16:52:07,706 INFO creating HTTP session headers for app auth.
2026-02-17 16:52:07,707 INFO getting ('https://api.twitter.com/2/tweets',) {'params': {'expansions': 'author_id,in_reply_to_user_id,referenced_tweets.id,referenced_tweets.id.author_id,entities.mentions.username,attachments.poll_ids,attachments.media_keys,geo.place_id,edit_history_tweet_ids', 'tweet.fields': 'attachments,author_id,context_annotations,conversation_id,created_at,entities,geo,id,in_reply_to_user_id,lang,public_metrics,text,possibly_sensitive,referenced_tweets,reply_settings,source,withheld,edit_controls,edit_history_tweet_ids', 'user.fields': 'created_at,description,entities,id,location,name,pinned_tweet_id,profile_image_url,protected,public_metrics,url,username,verified,verified_type,withheld', 'media.fields': 'alt_text,duration_ms,height,media_key,preview_image_url,type,url,width,variants,public_metrics', 'poll.fields': 'duration_minutes,end_datetime,id,options,voting_status', 'place.fields': 'contained_within,country,country_code,full_name,geo,id,name,place_type', 'ids': '2020843155336368627'}}
2026-02-17 16:52:08,162 INFO using config /home/runner/.config/twarc/config
2026-02-17 16:52:08,162 INFO creating HTTP session headers for app auth.
2026-02-18 01:49:13,234 INFO using config /home/runner/.config/twarc/config
2026-02-18 01:49:13,234 INFO creating HTTP session headers for app auth.
2026-02-18 01:49:13,235 INFO getting ('https://api.twitter.com/2/tweets',) {'params': {'expansions': 'author_id,in_reply_to_user_id,referenced_tweets.id,referenced_tweets.id.author_id,entities.mentions.username,attachments.poll_ids,attachments.media_keys,geo.place_id,edit_history_tweet_ids', 'tweet.fields': 'attachments,author_id,context_annotations,conversation_id,created_at,entities,geo,id,in_reply_to_user_id,lang,public_metrics,text,possibly_sensitive,referenced_tweets,reply_settings,source,withheld,edit_controls,edit_history_tweet_ids', 'user.fields': 'created_at,description,entities,id,location,name,pinned_tweet_id,profile_image_url,protected,public_metrics,url,username,verified,verified_type,withheld', 'media.fields': 'alt_text,duration_ms,height,media_key,preview_image_url,type,url,width,variants,public_metrics', 'poll.fields': 'duration_minutes,end_datetime,id,options,voting_status', 'place.fields': 'contained_within,country,country_code,full_name,geo,id,name,place_type', 'ids': '2020946553318339070'}}
2026-02-18 01:49:13,617 INFO using config /home/runner/.config/twarc/config
2026-02-18 01:49:13,617 INFO creating HTTP session headers for app auth.
2026-02-18 08:38:46,463 INFO using config /home/runner/.config/twarc/config
2026-02-18 08:38:46,463 INFO creating HTTP session headers for app auth.
2026-02-18 08:38:46,464 INFO getting ('https://api.twitter.com/2/tweets',) {'params': {'expansions': 'author_id,in_reply_to_user_id,referenced_tweets.id,referenced_tweets.id.author_id,entities.mentions.username,attachments.poll_ids,attachments.media_keys,geo.place_id,edit_history_tweet_ids', 'tweet.fields': 'attachments,author_id,context_annotations,conversation_id,created_at,entities,geo,id,in_reply_to_user_id,lang,public_metrics,text,possibly_sensitive,referenced_tweets,reply_settings,source,withheld,edit_controls,edit_history_tweet_ids', 'user.fields': 'created_at,description,entities,id,location,name,pinned_tweet_id,profile_image_url,protected,public_metrics,url,username,verified,verified_type,withheld', 'media.fields': 'alt_text,duration_ms,height,media_key,preview_image_url,type,url,width,variants,public_metrics', 'poll.fields': 'duration_minutes,end_datetime,id,options,voting_status', 'place.fields': 'contained_within,country,country_code,full_name,geo,id,name,place_type', 'ids': '2020848155814732086'}}
2026-02-18 08:38:47,074 INFO using config /home/runner/.config/twarc/config
2026-02-18 08:38:47,074 INFO creating HTTP session headers for app auth.
2026-02-18 16:57:51,000 INFO using config /home/runner/.config/twarc/config
2026-02-18 16:57:51,001 INFO creating HTTP session headers for app auth.
2026-02-18 16:57:51,001 INFO getting ('https://api.twitter.com/2/tweets',) {'params': {'expansions': 'author_id,in_reply_to_user_id,referenced_tweets.id,referenced_tweets.id.author_id,entities.mentions.username,attachments.poll_ids,attachments.media_keys,geo.place_id,edit_history_tweet_ids', 'tweet.fields': 'attachments,author_id,context_annotations,conversation_id,created_at,entities,geo,id,in_reply_to_user_id,lang,public_metrics,text,possibly_sensitive,referenced_tweets,reply_settings,source,withheld,edit_controls,edit_history_tweet_ids', 'user.fields': 'created_at,description,entities,id,location,name,pinned_tweet_id,profile_image_url,protected,public_metrics,url,username,verified,verified_type,withheld', 'media.fields': 'alt_text,duration_ms,height,media_key,preview_image_url,type,url,width,variants,public_metrics', 'poll.fields': 'duration_minutes,end_datetime,id,options,voting_status', 'place.fields': 'contained_within,country,country_code,full_name,geo,id,name,place_type', 'ids': '2020937187525538109'}}
2026-02-18 16:57:51,436 INFO using config /home/runner/.config/twarc/config
2026-02-18 16:57:51,436 INFO creating HTTP session headers for app auth.
2026-02-19 01:48:27,636 INFO using config /home/runner/.config/twarc/config
2026-02-19 01:48:27,636 INFO creating HTTP session headers for app auth.
2026-02-19 01:48:27,636 INFO getting ('https://api.twitter.com/2/tweets',) {'params': {'expansions': 'author_id,in_reply_to_user_id,referenced_tweets.id,referenced_tweets.id.author_id,entities.mentions.username,attachments.poll_ids,attachments.media_keys,geo.place_id,edit_history_tweet_ids', 'tweet.fields': 'attachments,author_id,context_annotations,conversation_id,created_at,entities,geo,id,in_reply_to_user_id,lang,public_metrics,text,possibly_sensitive,referenced_tweets,reply_settings,source,withheld,edit_controls,edit_history_tweet_ids', 'user.fields': 'created_at,description,entities,id,location,name,pinned_tweet_id,profile_image_url,protected,public_metrics,url,username,verified,verified_type,withheld', 'media.fields': 'alt_text,duration_ms,height,media_key,preview_image_url,type,url,width,variants,public_metrics', 'poll.fields': 'duration_minutes,end_datetime,id,options,voting_status', 'place.fields': 'contained_within,country,country_code,full_name,geo,id,name,place_type', 'ids': '2020665838433665165'}}
2026-02-19 01:48:28,028 INFO using config /home/runner/.config/twarc/config
2026-02-19 01:48:28,028 INFO creating HTTP session headers for app auth.
2026-02-19 08:37:30,086 INFO using config /home/runner/.config/twarc/config
2026-02-19 08:37:30,086 INFO creating HTTP session headers for app auth.
2026-02-19 08:37:30,087 INFO getting ('https://api.twitter.com/2/tweets',) {'params': {'expansions': 'author_id,in_reply_to_user_id,referenced_tweets.id,referenced_tweets.id.author_id,entities.mentions.username,attachments.poll_ids,attachments.media_keys,geo.place_id,edit_history_tweet_ids', 'tweet.fields': 'attachments,author_id,context_annotations,conversation_id,created_at,entities,geo,id,in_reply_to_user_id,lang,public_metrics,text,possibly_sensitive,referenced_tweets,reply_settings,source,withheld,edit_controls,edit_history_tweet_ids', 'user.fields': 'created_at,description,entities,id,location,name,pinned_tweet_id,profile_image_url,protected,public_metrics,url,username,verified,verified_type,withheld', 'media.fields': 'alt_text,duration_ms,height,media_key,preview_image_url,type,url,width,variants,public_metrics', 'poll.fields': 'duration_minutes,end_datetime,id,options,voting_status', 'place.fields': 'contained_within,country,country_code,full_name,geo,id,name,place_type', 'ids': '2020959879129923873'}}
2026-02-19 08:37:30,528 INFO using config /home/runner/.config/twarc/config
2026-02-19 08:37:30,528 INFO creating HTTP session headers for app auth.
2026-02-19 16:44:33,641 INFO using config /home/runner/.config/twarc/config
2026-02-19 16:44:33,641 INFO creating HTTP session headers for app auth.
2026-02-19 16:44:33,642 INFO getting ('https://api.twitter.com/2/tweets',) {'params': {'expansions': 'author_id,in_reply_to_user_id,referenced_tweets.id,referenced_tweets.id.author_id,entities.mentions.username,attachments.poll_ids,attachments.media_keys,geo.place_id,edit_history_tweet_ids', 'tweet.fields': 'attachments,author_id,context_annotations,conversation_id,created_at,entities,geo,id,in_reply_to_user_id,lang,public_metrics,text,possibly_sensitive,referenced_tweets,reply_settings,source,withheld,edit_controls,edit_history_tweet_ids', 'user.fields': 'created_at,description,entities,id,location,name,pinned_tweet_id,profile_image_url,protected,public_metrics,url,username,verified,verified_type,withheld', 'media.fields': 'alt_text,duration_ms,height,media_key,preview_image_url,type,url,width,variants,public_metrics', 'poll.fields': 'duration_minutes,end_datetime,id,options,voting_status', 'place.fields': 'contained_within,country,country_code,full_name,geo,id,name,place_type', 'ids': '2020966584957931765'}}
2026-02-19 16:44:34,214 INFO using config /home/runner/.config/twarc/config
2026-02-19 16:44:34,215 INFO creating HTTP session headers for app auth.
2026-02-20 01:44:10,864 INFO using config /home/runner/.config/twarc/config
2026-02-20 01:44:10,864 INFO creating HTTP session headers for app auth.
2026-02-20 01:44:10,865 INFO getting ('https://api.twitter.com/2/tweets',) {'params': {'expansions': 'author_id,in_reply_to_user_id,referenced_tweets.id,referenced_tweets.id.author_id,entities.mentions.username,attachments.poll_ids,attachments.media_keys,geo.place_id,edit_history_tweet_ids', 'tweet.fields': 'attachments,author_id,context_annotations,conversation_id,created_at,entities,geo,id,in_reply_to_user_id,lang,public_metrics,text,possibly_sensitive,referenced_tweets,reply_settings,source,withheld,edit_controls,edit_history_tweet_ids', 'user.fields': 'created_at,description,entities,id,location,name,pinned_tweet_id,profile_image_url,protected,public_metrics,url,username,verified,verified_type,withheld', 'media.fields': 'alt_text,duration_ms,height,media_key,preview_image_url,type,url,width,variants,public_metrics', 'poll.fields': 'duration_minutes,end_datetime,id,options,voting_status', 'place.fields': 'contained_within,country,country_code,full_name,geo,id,name,place_type', 'ids': '2021231353644093647'}}
2026-02-20 01:44:11,329 INFO using config /home/runner/.config/twarc/config
2026-02-20 01:44:11,329 INFO creating HTTP session headers for app auth.
2026-02-20 08:34:59,502 INFO using config /home/runner/.config/twarc/config
2026-02-20 08:34:59,503 INFO creating HTTP session headers for app auth.
2026-02-20 08:34:59,503 INFO getting ('https://api.twitter.com/2/tweets',) {'params': {'expansions': 'author_id,in_reply_to_user_id,referenced_tweets.id,referenced_tweets.id.author_id,entities.mentions.username,attachments.poll_ids,attachments.media_keys,geo.place_id,edit_history_tweet_ids', 'tweet.fields': 'attachments,author_id,context_annotations,conversation_id,created_at,entities,geo,id,in_reply_to_user_id,lang,public_metrics,text,possibly_sensitive,referenced_tweets,reply_settings,source,withheld,edit_controls,edit_history_tweet_ids', 'user.fields': 'created_at,description,entities,id,location,name,pinned_tweet_id,profile_image_url,protected,public_metrics,url,username,verified,verified_type,withheld', 'media.fields': 'alt_text,duration_ms,height,media_key,preview_image_url,type,url,width,variants,public_metrics', 'poll.fields': 'duration_minutes,end_datetime,id,options,voting_status', 'place.fields': 'contained_within,country,country_code,full_name,geo,id,name,place_type', 'ids': '2020980360973349277'}}
2026-02-20 08:34:59,873 INFO using config /home/runner/.config/twarc/config
2026-02-20 08:34:59,873 INFO creating HTTP session headers for app auth.
2026-02-20 16:31:55,802 INFO using config /home/runner/.config/twarc/config
2026-02-20 16:31:55,802 INFO creating HTTP session headers for app auth.
2026-02-20 16:31:55,802 INFO getting ('https://api.twitter.com/2/tweets',) {'params': {'expansions': 'author_id,in_reply_to_user_id,referenced_tweets.id,referenced_tweets.id.author_id,entities.mentions.username,attachments.poll_ids,attachments.media_keys,geo.place_id,edit_history_tweet_ids', 'tweet.fields': 'attachments,author_id,context_annotations,conversation_id,created_at,entities,geo,id,in_reply_to_user_id,lang,public_metrics,text,possibly_sensitive,referenced_tweets,reply_settings,source,withheld,edit_controls,edit_history_tweet_ids', 'user.fields': 'created_at,description,entities,id,location,name,pinned_tweet_id,profile_image_url,protected,public_metrics,url,username,verified,verified_type,withheld', 'media.fields': 'alt_text,duration_ms,height,media_key,preview_image_url,type,url,width,variants,public_metrics', 'poll.fields': 'duration_minutes,end_datetime,id,options,voting_status', 'place.fields': 'contained_within,country,country_code,full_name,geo,id,name,place_type', 'ids': '2021340559382552632'}}
2026-02-20 16:31:56,259 INFO using config /home/runner/.config/twarc/config
2026-02-20 16:31:56,259 INFO creating HTTP session headers for app auth.
2026-02-21 01:29:27,533 INFO using config /home/runner/.config/twarc/config
2026-02-21 01:29:27,533 INFO creating HTTP session headers for app auth.
2026-02-21 01:29:27,534 INFO getting ('https://api.twitter.com/2/tweets',) {'params': {'expansions': 'author_id,in_reply_to_user_id,referenced_tweets.id,referenced_tweets.id.author_id,entities.mentions.username,attachments.poll_ids,attachments.media_keys,geo.place_id,edit_history_tweet_ids', 'tweet.fields': 'attachments,author_id,context_annotations,conversation_id,created_at,entities,geo,id,in_reply_to_user_id,lang,public_metrics,text,possibly_sensitive,referenced_tweets,reply_settings,source,withheld,edit_controls,edit_history_tweet_ids', 'user.fields': 'created_at,description,entities,id,location,name,pinned_tweet_id,profile_image_url,protected,public_metrics,url,username,verified,verified_type,withheld', 'media.fields': 'alt_text,duration_ms,height,media_key,preview_image_url,type,url,width,variants,public_metrics', 'poll.fields': 'duration_minutes,end_datetime,id,options,voting_status', 'place.fields': 'contained_within,country,country_code,full_name,geo,id,name,place_type', 'ids': '2021389825308496067'}}
2026-02-21 01:29:27,918 INFO using config /home/runner/.config/twarc/config
2026-02-21 01:29:27,918 INFO creating HTTP session headers for app auth.
2026-02-21 08:24:12,526 INFO using config /home/runner/.config/twarc/config
2026-02-21 08:24:12,526 INFO creating HTTP session headers for app auth.
2026-02-21 08:24:12,527 INFO getting ('https://api.twitter.com/2/tweets',) {'params': {'expansions': 'author_id,in_reply_to_user_id,referenced_tweets.id,referenced_tweets.id.author_id,entities.mentions.username,attachments.poll_ids,attachments.media_keys,geo.place_id,edit_history_tweet_ids', 'tweet.fields': 'attachments,author_id,context_annotations,conversation_id,created_at,entities,geo,id,in_reply_to_user_id,lang,public_metrics,text,possibly_sensitive,referenced_tweets,reply_settings,source,withheld,edit_controls,edit_history_tweet_ids', 'user.fields': 'created_at,description,entities,id,location,name,pinned_tweet_id,profile_image_url,protected,public_metrics,url,username,verified,verified_type,withheld', 'media.fields': 'alt_text,duration_ms,height,media_key,preview_image_url,type,url,width,variants,public_metrics', 'poll.fields': 'duration_minutes,end_datetime,id,options,voting_status', 'place.fields': 'contained_within,country,country_code,full_name,geo,id,name,place_type', 'ids': '2021126517309481424'}}
2026-02-21 08:24:12,877 INFO using config /home/runner/.config/twarc/config
2026-02-21 08:24:12,878 INFO creating HTTP session headers for app auth.
2026-02-21 16:22:18,599 INFO using config /home/runner/.config/twarc/config
2026-02-21 16:22:18,599 INFO creating HTTP session headers for app auth.
2026-02-21 16:22:18,599 INFO getting ('https://api.twitter.com/2/tweets',) {'params': {'expansions': 'author_id,in_reply_to_user_id,referenced_tweets.id,referenced_tweets.id.author_id,entities.mentions.username,attachments.poll_ids,attachments.media_keys,geo.place_id,edit_history_tweet_ids', 'tweet.fields': 'attachments,author_id,context_annotations,conversation_id,created_at,entities,geo,id,in_reply_to_user_id,lang,public_metrics,text,possibly_sensitive,referenced_tweets,reply_settings,source,withheld,edit_controls,edit_history_tweet_ids', 'user.fields': 'created_at,description,entities,id,location,name,pinned_tweet_id,profile_image_url,protected,public_metrics,url,username,verified,verified_type,withheld', 'media.fields': 'alt_text,duration_ms,height,media_key,preview_image_url,type,url,width,variants,public_metrics', 'poll.fields': 'duration_minutes,end_datetime,id,options,voting_status', 'place.fields': 'contained_within,country,country_code,full_name,geo,id,name,place_type', 'ids': '2021567962017104079'}}
2026-02-21 16:22:18,952 INFO using config /home/runner/.config/twarc/config
2026-02-21 16:22:18,952 INFO creating HTTP session headers for app auth.
2026-02-22 01:47:00,163 INFO using config /home/runner/.config/twarc/config
2026-02-22 01:47:00,163 INFO creating HTTP session headers for app auth.
2026-02-22 01:47:00,163 INFO getting ('https://api.twitter.com/2/tweets',) {'params': {'expansions': 'author_id,in_reply_to_user_id,referenced_tweets.id,referenced_tweets.id.author_id,entities.mentions.username,attachments.poll_ids,attachments.media_keys,geo.place_id,edit_history_tweet_ids', 'tweet.fields': 'attachments,author_id,context_annotations,conversation_id,created_at,entities,geo,id,in_reply_to_user_id,lang,public_metrics,text,possibly_sensitive,referenced_tweets,reply_settings,source,withheld,edit_controls,edit_history_tweet_ids', 'user.fields': 'created_at,description,entities,id,location,name,pinned_tweet_id,profile_image_url,protected,public_metrics,url,username,verified,verified_type,withheld', 'media.fields': 'alt_text,duration_ms,height,media_key,preview_image_url,type,url,width,variants,public_metrics', 'poll.fields': 'duration_minutes,end_datetime,id,options,voting_status', 'place.fields': 'contained_within,country,country_code,full_name,geo,id,name,place_type', 'ids': '2021639950077505862'}}
2026-02-22 01:47:00,634 INFO using config /home/runner/.config/twarc/config
2026-02-22 01:47:00,635 INFO creating HTTP session headers for app auth.
2026-02-22 08:26:18,983 INFO using config /home/runner/.config/twarc/config
2026-02-22 08:26:18,983 INFO creating HTTP session headers for app auth.
2026-02-22 08:26:18,984 INFO getting ('https://api.twitter.com/2/tweets',) {'params': {'expansions': 'author_id,in_reply_to_user_id,referenced_tweets.id,referenced_tweets.id.author_id,entities.mentions.username,attachments.poll_ids,attachments.media_keys,geo.place_id,edit_history_tweet_ids', 'tweet.fields': 'attachments,author_id,context_annotations,conversation_id,created_at,entities,geo,id,in_reply_to_user_id,lang,public_metrics,text,possibly_sensitive,referenced_tweets,reply_settings,source,withheld,edit_controls,edit_history_tweet_ids', 'user.fields': 'created_at,description,entities,id,location,name,pinned_tweet_id,profile_image_url,protected,public_metrics,url,username,verified,verified_type,withheld', 'media.fields': 'alt_text,duration_ms,height,media_key,preview_image_url,type,url,width,variants,public_metrics', 'poll.fields': 'duration_minutes,end_datetime,id,options,voting_status', 'place.fields': 'contained_within,country,country_code,full_name,geo,id,name,place_type', 'ids': '2021652199739441372'}}
2026-02-22 08:26:19,337 INFO using config /home/runner/.config/twarc/config
2026-02-22 08:26:19,337 INFO creating HTTP session headers for app auth.
2026-02-22 16:23:05,386 INFO using config /home/runner/.config/twarc/config
2026-02-22 16:23:05,386 INFO creating HTTP session headers for app auth.
2026-02-22 16:23:05,386 INFO getting ('https://api.twitter.com/2/tweets',) {'params': {'expansions': 'author_id,in_reply_to_user_id,referenced_tweets.id,referenced_tweets.id.author_id,entities.mentions.username,attachments.poll_ids,attachments.media_keys,geo.place_id,edit_history_tweet_ids', 'tweet.fields': 'attachments,author_id,context_annotations,conversation_id,created_at,entities,geo,id,in_reply_to_user_id,lang,public_metrics,text,possibly_sensitive,referenced_tweets,reply_settings,source,withheld,edit_controls,edit_history_tweet_ids', 'user.fields': 'created_at,description,entities,id,location,name,pinned_tweet_id,profile_image_url,protected,public_metrics,url,username,verified,verified_type,withheld', 'media.fields': 'alt_text,duration_ms,height,media_key,preview_image_url,type,url,width,variants,public_metrics', 'poll.fields': 'duration_minutes,end_datetime,id,options,voting_status', 'place.fields': 'contained_within,country,country_code,full_name,geo,id,name,place_type', 'ids': '2021568384991678780'}}
2026-02-22 16:23:05,841 INFO using config /home/runner/.config/twarc/config
2026-02-22 16:23:05,841 INFO creating HTTP session headers for app auth.
2026-02-23 01:47:49,742 INFO using config /home/runner/.config/twarc/config
2026-02-23 01:47:49,742 INFO creating HTTP session headers for app auth.
2026-02-23 01:47:49,742 INFO getting ('https://api.twitter.com/2/tweets',) {'params': {'expansions': 'author_id,in_reply_to_user_id,referenced_tweets.id,referenced_tweets.id.author_id,entities.mentions.username,attachments.poll_ids,attachments.media_keys,geo.place_id,edit_history_tweet_ids', 'tweet.fields': 'attachments,author_id,context_annotations,conversation_id,created_at,entities,geo,id,in_reply_to_user_id,lang,public_metrics,text,possibly_sensitive,referenced_tweets,reply_settings,source,withheld,edit_controls,edit_history_tweet_ids', 'user.fields': 'created_at,description,entities,id,location,name,pinned_tweet_id,profile_image_url,protected,public_metrics,url,username,verified,verified_type,withheld', 'media.fields': 'alt_text,duration_ms,height,media_key,preview_image_url,type,url,width,variants,public_metrics', 'poll.fields': 'duration_minutes,end_datetime,id,options,voting_status', 'place.fields': 'contained_within,country,country_code,full_name,geo,id,name,place_type', 'ids': '2021750757238689885'}}
2026-02-23 01:47:50,109 INFO using config /home/runner/.config/twarc/config
2026-02-23 01:47:50,109 INFO creating HTTP session headers for app auth.
2026-02-23 08:42:44,788 INFO using config /home/runner/.config/twarc/config
2026-02-23 08:42:44,788 INFO creating HTTP session headers for app auth.
2026-02-23 08:42:44,789 INFO getting ('https://api.twitter.com/2/tweets',) {'params': {'expansions': 'author_id,in_reply_to_user_id,referenced_tweets.id,referenced_tweets.id.author_id,entities.mentions.username,attachments.poll_ids,attachments.media_keys,geo.place_id,edit_history_tweet_ids', 'tweet.fields': 'attachments,author_id,context_annotations,conversation_id,created_at,entities,geo,id,in_reply_to_user_id,lang,public_metrics,text,possibly_sensitive,referenced_tweets,reply_settings,source,withheld,edit_controls,edit_history_tweet_ids', 'user.fields': 'created_at,description,entities,id,location,name,pinned_tweet_id,profile_image_url,protected,public_metrics,url,username,verified,verified_type,withheld', 'media.fields': 'alt_text,duration_ms,height,media_key,preview_image_url,type,url,width,variants,public_metrics', 'poll.fields': 'duration_minutes,end_datetime,id,options,voting_status', 'place.fields': 'contained_within,country,country_code,full_name,geo,id,name,place_type', 'ids': '2021655191901155534'}}
2026-02-23 08:42:45,155 INFO using config /home/runner/.config/twarc/config
2026-02-23 08:42:45,155 INFO creating HTTP session headers for app auth.
2026-02-23 16:50:50,179 INFO using config /home/runner/.config/twarc/config
2026-02-23 16:50:50,179 INFO creating HTTP session headers for app auth.
2026-02-23 16:50:50,180 INFO getting ('https://api.twitter.com/2/tweets',) {'params': {'expansions': 'author_id,in_reply_to_user_id,referenced_tweets.id,referenced_tweets.id.author_id,entities.mentions.username,attachments.poll_ids,attachments.media_keys,geo.place_id,edit_history_tweet_ids', 'tweet.fields': 'attachments,author_id,context_annotations,conversation_id,created_at,entities,geo,id,in_reply_to_user_id,lang,public_metrics,text,possibly_sensitive,referenced_tweets,reply_settings,source,withheld,edit_controls,edit_history_tweet_ids', 'user.fields': 'created_at,description,entities,id,location,name,pinned_tweet_id,profile_image_url,protected,public_metrics,url,username,verified,verified_type,withheld', 'media.fields': 'alt_text,duration_ms,height,media_key,preview_image_url,type,url,width,variants,public_metrics', 'poll.fields': 'duration_minutes,end_datetime,id,options,voting_status', 'place.fields': 'contained_within,country,country_code,full_name,geo,id,name,place_type', 'ids': '2021795713274065198'}}
2026-02-23 16:50:50,599 INFO using config /home/runner/.config/twarc/config
2026-02-23 16:50:50,599 INFO creating HTTP session headers for app auth.
2026-02-24 01:44:53,827 INFO using config /home/runner/.config/twarc/config
2026-02-24 01:44:53,827 INFO creating HTTP session headers for app auth.
2026-02-24 01:44:53,828 INFO getting ('https://api.twitter.com/2/tweets',) {'params': {'expansions': 'author_id,in_reply_to_user_id,referenced_tweets.id,referenced_tweets.id.author_id,entities.mentions.username,attachments.poll_ids,attachments.media_keys,geo.place_id,edit_history_tweet_ids', 'tweet.fields': 'attachments,author_id,context_annotations,conversation_id,created_at,entities,geo,id,in_reply_to_user_id,lang,public_metrics,text,possibly_sensitive,referenced_tweets,reply_settings,source,withheld,edit_controls,edit_history_tweet_ids', 'user.fields': 'created_at,description,entities,id,location,name,pinned_tweet_id,profile_image_url,protected,public_metrics,url,username,verified,verified_type,withheld', 'media.fields': 'alt_text,duration_ms,height,media_key,preview_image_url,type,url,width,variants,public_metrics', 'poll.fields': 'duration_minutes,end_datetime,id,options,voting_status', 'place.fields': 'contained_within,country,country_code,full_name,geo,id,name,place_type', 'ids': '2021670613354717673'}}
2026-02-24 01:44:54,243 INFO using config /home/runner/.config/twarc/config
2026-02-24 01:44:54,243 INFO creating HTTP session headers for app auth.
2026-02-24 08:39:58,508 INFO using config /home/runner/.config/twarc/config
2026-02-24 08:39:58,508 INFO creating HTTP session headers for app auth.
2026-02-24 08:39:58,509 INFO getting ('https://api.twitter.com/2/tweets',) {'params': {'expansions': 'author_id,in_reply_to_user_id,referenced_tweets.id,referenced_tweets.id.author_id,entities.mentions.username,attachments.poll_ids,attachments.media_keys,geo.place_id,edit_history_tweet_ids', 'tweet.fields': 'attachments,author_id,context_annotations,conversation_id,created_at,entities,geo,id,in_reply_to_user_id,lang,public_metrics,text,possibly_sensitive,referenced_tweets,reply_settings,source,withheld,edit_controls,edit_history_tweet_ids', 'user.fields': 'created_at,description,entities,id,location,name,pinned_tweet_id,profile_image_url,protected,public_metrics,url,username,verified,verified_type,withheld', 'media.fields': 'alt_text,duration_ms,height,media_key,preview_image_url,type,url,width,variants,public_metrics', 'poll.fields': 'duration_minutes,end_datetime,id,options,voting_status', 'place.fields': 'contained_within,country,country_code,full_name,geo,id,name,place_type', 'ids': '2021629581132988536'}}
2026-02-24 08:39:59,074 INFO using config /home/runner/.config/twarc/config
2026-02-24 08:39:59,074 INFO creating HTTP session headers for app auth.
2026-02-24 17:00:39,933 INFO using config /home/runner/.config/twarc/config
2026-02-24 17:00:39,933 INFO creating HTTP session headers for app auth.
2026-02-24 17:00:39,934 INFO getting ('https://api.twitter.com/2/tweets',) {'params': {'expansions': 'author_id,in_reply_to_user_id,referenced_tweets.id,referenced_tweets.id.author_id,entities.mentions.username,attachments.poll_ids,attachments.media_keys,geo.place_id,edit_history_tweet_ids', 'tweet.fields': 'attachments,author_id,context_annotations,conversation_id,created_at,entities,geo,id,in_reply_to_user_id,lang,public_metrics,text,possibly_sensitive,referenced_tweets,reply_settings,source,withheld,edit_controls,edit_history_tweet_ids', 'user.fields': 'created_at,description,entities,id,location,name,pinned_tweet_id,profile_image_url,protected,public_metrics,url,username,verified,verified_type,withheld', 'media.fields': 'alt_text,duration_ms,height,media_key,preview_image_url,type,url,width,variants,public_metrics', 'poll.fields': 'duration_minutes,end_datetime,id,options,voting_status', 'place.fields': 'contained_within,country,country_code,full_name,geo,id,name,place_type', 'ids': '2021380778882687245'}}
2026-02-24 17:00:40,339 INFO using config /home/runner/.config/twarc/config
2026-02-24 17:00:40,339 INFO creating HTTP session headers for app auth.
2026-02-25 01:48:12,061 INFO using config /home/runner/.config/twarc/config
2026-02-25 01:48:12,061 INFO creating HTTP session headers for app auth.
2026-02-25 01:48:12,061 INFO getting ('https://api.twitter.com/2/tweets',) {'params': {'expansions': 'author_id,in_reply_to_user_id,referenced_tweets.id,referenced_tweets.id.author_id,entities.mentions.username,attachments.poll_ids,attachments.media_keys,geo.place_id,edit_history_tweet_ids', 'tweet.fields': 'attachments,author_id,context_annotations,conversation_id,created_at,entities,geo,id,in_reply_to_user_id,lang,public_metrics,text,possibly_sensitive,referenced_tweets,reply_settings,source,withheld,edit_controls,edit_history_tweet_ids', 'user.fields': 'created_at,description,entities,id,location,name,pinned_tweet_id,profile_image_url,protected,public_metrics,url,username,verified,verified_type,withheld', 'media.fields': 'alt_text,duration_ms,height,media_key,preview_image_url,type,url,width,variants,public_metrics', 'poll.fields': 'duration_minutes,end_datetime,id,options,voting_status', 'place.fields': 'contained_within,country,country_code,full_name,geo,id,name,place_type', 'ids': '2021592600554168414'}}
2026-02-25 01:48:12,570 INFO using config /home/runner/.config/twarc/config
2026-02-25 01:48:12,570 INFO creating HTTP session headers for app auth.
2026-02-25 08:41:27,654 INFO using config /home/runner/.config/twarc/config
2026-02-25 08:41:27,655 INFO creating HTTP session headers for app auth.
2026-02-25 08:41:27,655 INFO getting ('https://api.twitter.com/2/tweets',) {'params': {'expansions': 'author_id,in_reply_to_user_id,referenced_tweets.id,referenced_tweets.id.author_id,entities.mentions.username,attachments.poll_ids,attachments.media_keys,geo.place_id,edit_history_tweet_ids', 'tweet.fields': 'attachments,author_id,context_annotations,conversation_id,created_at,entities,geo,id,in_reply_to_user_id,lang,public_metrics,text,possibly_sensitive,referenced_tweets,reply_settings,source,withheld,edit_controls,edit_history_tweet_ids', 'user.fields': 'created_at,description,entities,id,location,name,pinned_tweet_id,profile_image_url,protected,public_metrics,url,username,verified,verified_type,withheld', 'media.fields': 'alt_text,duration_ms,height,media_key,preview_image_url,type,url,width,variants,public_metrics', 'poll.fields': 'duration_minutes,end_datetime,id,options,voting_status', 'place.fields': 'contained_within,country,country_code,full_name,geo,id,name,place_type', 'ids': '2022052644127486351'}}
2026-02-25 08:41:28,014 INFO using config /home/runner/.config/twarc/config
2026-02-25 08:41:28,014 INFO creating HTTP session headers for app auth.
2026-02-25 17:03:29,626 INFO using config /home/runner/.config/twarc/config
2026-02-25 17:03:29,626 INFO creating HTTP session headers for app auth.
2026-02-25 17:03:29,627 INFO getting ('https://api.twitter.com/2/tweets',) {'params': {'expansions': 'author_id,in_reply_to_user_id,referenced_tweets.id,referenced_tweets.id.author_id,entities.mentions.username,attachments.poll_ids,attachments.media_keys,geo.place_id,edit_history_tweet_ids', 'tweet.fields': 'attachments,author_id,context_annotations,conversation_id,created_at,entities,geo,id,in_reply_to_user_id,lang,public_metrics,text,possibly_sensitive,referenced_tweets,reply_settings,source,withheld,edit_controls,edit_history_tweet_ids', 'user.fields': 'created_at,description,entities,id,location,name,pinned_tweet_id,profile_image_url,protected,public_metrics,url,username,verified,verified_type,withheld', 'media.fields': 'alt_text,duration_ms,height,media_key,preview_image_url,type,url,width,variants,public_metrics', 'poll.fields': 'duration_minutes,end_datetime,id,options,voting_status', 'place.fields': 'contained_within,country,country_code,full_name,geo,id,name,place_type', 'ids': '2022393731174011178'}}
2026-02-25 17:03:29,992 INFO using config /home/runner/.config/twarc/config
2026-02-25 17:03:29,992 INFO creating HTTP session headers for app auth.
2026-02-26 01:43:25,651 INFO using config /home/runner/.config/twarc/config
2026-02-26 01:43:25,652 INFO creating HTTP session headers for app auth.
2026-02-26 01:43:25,652 INFO getting ('https://api.twitter.com/2/tweets',) {'params': {'expansions': 'author_id,in_reply_to_user_id,referenced_tweets.id,referenced_tweets.id.author_id,entities.mentions.username,attachments.poll_ids,attachments.media_keys,geo.place_id,edit_history_tweet_ids', 'tweet.fields': 'attachments,author_id,context_annotations,conversation_id,created_at,entities,geo,id,in_reply_to_user_id,lang,public_metrics,text,possibly_sensitive,referenced_tweets,reply_settings,source,withheld,edit_controls,edit_history_tweet_ids', 'user.fields': 'created_at,description,entities,id,location,name,pinned_tweet_id,profile_image_url,protected,public_metrics,url,username,verified,verified_type,withheld', 'media.fields': 'alt_text,duration_ms,height,media_key,preview_image_url,type,url,width,variants,public_metrics', 'poll.fields': 'duration_minutes,end_datetime,id,options,voting_status', 'place.fields': 'contained_within,country,country_code,full_name,geo,id,name,place_type', 'ids': '2022385359418482854'}}
2026-02-26 01:43:26,037 INFO using config /home/runner/.config/twarc/config
2026-02-26 01:43:26,037 INFO creating HTTP session headers for app auth.
2026-02-26 08:40:31,901 INFO using config /home/runner/.config/twarc/config
2026-02-26 08:40:31,902 INFO creating HTTP session headers for app auth.
2026-02-26 08:40:31,902 INFO getting ('https://api.twitter.com/2/tweets',) {'params': {'expansions': 'author_id,in_reply_to_user_id,referenced_tweets.id,referenced_tweets.id.author_id,entities.mentions.username,attachments.poll_ids,attachments.media_keys,geo.place_id,edit_history_tweet_ids', 'tweet.fields': 'attachments,author_id,context_annotations,conversation_id,created_at,entities,geo,id,in_reply_to_user_id,lang,public_metrics,text,possibly_sensitive,referenced_tweets,reply_settings,source,withheld,edit_controls,edit_history_tweet_ids', 'user.fields': 'created_at,description,entities,id,location,name,pinned_tweet_id,profile_image_url,protected,public_metrics,url,username,verified,verified_type,withheld', 'media.fields': 'alt_text,duration_ms,height,media_key,preview_image_url,type,url,width,variants,public_metrics', 'poll.fields': 'duration_minutes,end_datetime,id,options,voting_status', 'place.fields': 'contained_within,country,country_code,full_name,geo,id,name,place_type', 'ids': '2022443926930755956'}}
2026-02-26 08:40:32,347 INFO using config /home/runner/.config/twarc/config
2026-02-26 08:40:32,347 INFO creating HTTP session headers for app auth.
2026-02-26 16:52:59,774 INFO using config /home/runner/.config/twarc/config
2026-02-26 16:52:59,775 INFO creating HTTP session headers for app auth.
2026-02-26 16:52:59,775 INFO getting ('https://api.twitter.com/2/tweets',) {'params': {'expansions': 'author_id,in_reply_to_user_id,referenced_tweets.id,referenced_tweets.id.author_id,entities.mentions.username,attachments.poll_ids,attachments.media_keys,geo.place_id,edit_history_tweet_ids', 'tweet.fields': 'attachments,author_id,context_annotations,conversation_id,created_at,entities,geo,id,in_reply_to_user_id,lang,public_metrics,text,possibly_sensitive,referenced_tweets,reply_settings,source,withheld,edit_controls,edit_history_tweet_ids', 'user.fields': 'created_at,description,entities,id,location,name,pinned_tweet_id,profile_image_url,protected,public_metrics,url,username,verified,verified_type,withheld', 'media.fields': 'alt_text,duration_ms,height,media_key,preview_image_url,type,url,width,variants,public_metrics', 'poll.fields': 'duration_minutes,end_datetime,id,options,voting_status', 'place.fields': 'contained_within,country,country_code,full_name,geo,id,name,place_type', 'ids': '2022363079976034455'}}
2026-02-26 16:53:00,136 INFO using config /home/runner/.config/twarc/config
2026-02-26 16:53:00,136 INFO creating HTTP session headers for app auth.
2026-02-27 01:42:26,046 INFO using config /home/runner/.config/twarc/config
2026-02-27 01:42:26,046 INFO creating HTTP session headers for app auth.
2026-02-27 01:42:26,047 INFO getting ('https://api.twitter.com/2/tweets',) {'params': {'expansions': 'author_id,in_reply_to_user_id,referenced_tweets.id,referenced_tweets.id.author_id,entities.mentions.username,attachments.poll_ids,attachments.media_keys,geo.place_id,edit_history_tweet_ids', 'tweet.fields': 'attachments,author_id,context_annotations,conversation_id,created_at,entities,geo,id,in_reply_to_user_id,lang,public_metrics,text,possibly_sensitive,referenced_tweets,reply_settings,source,withheld,edit_controls,edit_history_tweet_ids', 'user.fields': 'created_at,description,entities,id,location,name,pinned_tweet_id,profile_image_url,protected,public_metrics,url,username,verified,verified_type,withheld', 'media.fields': 'alt_text,duration_ms,height,media_key,preview_image_url,type,url,width,variants,public_metrics', 'poll.fields': 'duration_minutes,end_datetime,id,options,voting_status', 'place.fields': 'contained_within,country,country_code,full_name,geo,id,name,place_type', 'ids': '2022476577490243594'}}
2026-02-27 01:42:26,473 INFO using config /home/runner/.config/twarc/config
2026-02-27 01:42:26,473 INFO creating HTTP session headers for app auth.
2026-02-27 08:35:31,981 INFO using config /home/runner/.config/twarc/config
2026-02-27 08:35:31,981 INFO creating HTTP session headers for app auth.
2026-02-27 08:35:31,982 INFO getting ('https://api.twitter.com/2/tweets',) {'params': {'expansions': 'author_id,in_reply_to_user_id,referenced_tweets.id,referenced_tweets.id.author_id,entities.mentions.username,attachments.poll_ids,attachments.media_keys,geo.place_id,edit_history_tweet_ids', 'tweet.fields': 'attachments,author_id,context_annotations,conversation_id,created_at,entities,geo,id,in_reply_to_user_id,lang,public_metrics,text,possibly_sensitive,referenced_tweets,reply_settings,source,withheld,edit_controls,edit_history_tweet_ids', 'user.fields': 'created_at,description,entities,id,location,name,pinned_tweet_id,profile_image_url,protected,public_metrics,url,username,verified,verified_type,withheld', 'media.fields': 'alt_text,duration_ms,height,media_key,preview_image_url,type,url,width,variants,public_metrics', 'poll.fields': 'duration_minutes,end_datetime,id,options,voting_status', 'place.fields': 'contained_within,country,country_code,full_name,geo,id,name,place_type', 'ids': '2022540513912721809'}}
2026-02-27 08:35:32,438 INFO using config /home/runner/.config/twarc/config
2026-02-27 08:35:32,438 INFO creating HTTP session headers for app auth.
2026-02-27 16:35:29,318 INFO using config /home/runner/.config/twarc/config
2026-02-27 16:35:29,318 INFO creating HTTP session headers for app auth.
2026-02-27 16:35:29,319 INFO getting ('https://api.twitter.com/2/tweets',) {'params': {'expansions': 'author_id,in_reply_to_user_id,referenced_tweets.id,referenced_tweets.id.author_id,entities.mentions.username,attachments.poll_ids,attachments.media_keys,geo.place_id,edit_history_tweet_ids', 'tweet.fields': 'attachments,author_id,context_annotations,conversation_id,created_at,entities,geo,id,in_reply_to_user_id,lang,public_metrics,text,possibly_sensitive,referenced_tweets,reply_settings,source,withheld,edit_controls,edit_history_tweet_ids', 'user.fields': 'created_at,description,entities,id,location,name,pinned_tweet_id,profile_image_url,protected,public_metrics,url,username,verified,verified_type,withheld', 'media.fields': 'alt_text,duration_ms,height,media_key,preview_image_url,type,url,width,variants,public_metrics', 'poll.fields': 'duration_minutes,end_datetime,id,options,voting_status', 'place.fields': 'contained_within,country,country_code,full_name,geo,id,name,place_type', 'ids': '2022571761569825069'}}
2026-02-27 16:35:29,739 INFO using config /home/runner/.config/twarc/config
2026-02-27 16:35:29,740 INFO creating HTTP session headers for app auth.
2026-02-28 16:20:17,865 INFO using config /home/runner/.config/twarc/config
2026-02-28 16:20:17,865 INFO creating HTTP session headers for app auth.
2026-02-28 16:20:17,866 INFO getting ('https://api.twitter.com/2/tweets',) {'params': {'expansions': 'author_id,in_reply_to_user_id,referenced_tweets.id,referenced_tweets.id.author_id,entities.mentions.username,attachments.poll_ids,attachments.media_keys,geo.place_id,edit_history_tweet_ids', 'tweet.fields': 'attachments,author_id,context_annotations,conversation_id,created_at,entities,geo,id,in_reply_to_user_id,lang,public_metrics,text,possibly_sensitive,referenced_tweets,reply_settings,source,withheld,edit_controls,edit_history_tweet_ids', 'user.fields': 'created_at,description,entities,id,location,name,pinned_tweet_id,profile_image_url,protected,public_metrics,url,username,verified,verified_type,withheld', 'media.fields': 'alt_text,duration_ms,height,media_key,preview_image_url,type,url,width,variants,public_metrics', 'poll.fields': 'duration_minutes,end_datetime,id,options,voting_status', 'place.fields': 'contained_within,country,country_code,full_name,geo,id,name,place_type', 'ids': '2022723741332177141'}}
2026-02-28 16:20:17,955 ERROR Unexpected HTTP response: <Response [403]>
2026-02-28 16:20:18,166 INFO using config /home/runner/.config/twarc/config
2026-02-28 16:20:18,166 INFO creating HTTP session headers for app auth.
2026-03-07 16:21:15,028 INFO using config /home/runner/.config/twarc/config
2026-03-07 16:21:15,028 INFO creating HTTP session headers for app auth.
2026-03-07 16:21:15,028 INFO getting ('https://api.twitter.com/2/tweets',) {'params': {'expansions': 'author_id,in_reply_to_user_id,referenced_tweets.id,referenced_tweets.id.author_id,entities.mentions.username,attachments.poll_ids,attachments.media_keys,geo.place_id,edit_history_tweet_ids', 'tweet.fields': 'attachments,author_id,context_annotations,conversation_id,created_at,entities,geo,id,in_reply_to_user_id,lang,public_metrics,text,possibly_sensitive,referenced_tweets,reply_settings,source,withheld,edit_controls,edit_history_tweet_ids', 'user.fields': 'created_at,description,entities,id,location,name,pinned_tweet_id,profile_image_url,protected,public_metrics,url,username,verified,verified_type,withheld', 'media.fields': 'alt_text,duration_ms,height,media_key,preview_image_url,type,url,width,variants,public_metrics', 'poll.fields': 'duration_minutes,end_datetime,id,options,voting_status', 'place.fields': 'contained_within,country,country_code,full_name,geo,id,name,place_type', 'ids': '2024337968119550026'}}
2026-03-07 16:21:15,082 ERROR Unexpected HTTP response: <Response [403]>
2026-03-07 16:21:15,290 INFO using config /home/runner/.config/twarc/config
2026-03-07 16:21:15,290 INFO creating HTTP session headers for app auth.
2026-04-07 01:57:43,678 INFO using config /home/runner/.config/twarc/config
2026-04-07 01:57:43,678 INFO creating HTTP session headers for app auth.
2026-04-07 01:57:43,678 INFO getting ('https://api.twitter.com/2/tweets',) {'params': {'expansions': 'author_id,in_reply_to_user_id,referenced_tweets.id,referenced_tweets.id.author_id,entities.mentions.username,attachments.poll_ids,attachments.media_keys,geo.place_id,edit_history_tweet_ids', 'tweet.fields': 'attachments,author_id,context_annotations,conversation_id,created_at,entities,geo,id,in_reply_to_user_id,lang,public_metrics,text,possibly_sensitive,referenced_tweets,reply_settings,source,withheld,edit_controls,edit_history_tweet_ids', 'user.fields': 'created_at,description,entities,id,location,name,pinned_tweet_id,profile_image_url,protected,public_metrics,url,username,verified,verified_type,withheld', 'media.fields': 'alt_text,duration_ms,height,media_key,preview_image_url,type,url,width,variants,public_metrics', 'poll.fields': 'duration_minutes,end_datetime,id,options,voting_status', 'place.fields': 'contained_within,country,country_code,full_name,geo,id,name,place_type', 'ids': '2036216220031262822'}}
2026-04-07 01:57:43,869 ERROR Unexpected HTTP response: <Response [403]>
2026-04-07 01:57:44,070 INFO using config /home/runner/.config/twarc/config
2026-04-07 01:57:44,070 INFO creating HTTP session headers for app auth.
